Date,Price,Open,High,Low,Vol.,Change %
3/1/2019,"47,765","46,844","47,765","46,690",910.43K,2.81%
3/4/2019,"48,226","47,765","48,379","47,765",1.72M,0.97%
3/5/2019,"48,379","48,226","48,994","47,995",2.01M,0.32%
3/6/2019,"48,149","48,456","48,610","47,535",1.38M,-0.48%
3/7/2019,"48,456","48,149","48,994","48,072",2.42M,0.64%
3/8/2019,"48,226","47,919","48,379","47,688",1.27M,-0.47%
3/11/2019,"48,072","47,919","48,149","47,535",1.30M,-0.32%
3/12/2019,"49,762","48,379","49,762","48,149",2.80M,3.52%
3/13/2019,"50,069","49,915","50,069","49,531",2.14M,0.62%
3/14/2019,"51,451","50,069","51,451","49,531",2.90M,2.76%
3/15/2019,"50,683","51,605","51,605","50,683",3.34M,-1.49%
3/18/2019,"51,912","51,067","52,066","51,067",2.47M,2.42%
3/19/2019,"51,298","51,912","51,912","51,221",1.77M,-1.18%
3/20/2019,"51,221","51,221","51,605","50,837",3.11M,-0.15%
3/21/2019,"51,144","51,374","52,142","51,067",1.95M,-0.15%
3/22/2019,"51,374","51,298","51,451","51,067",1.76M,0.45%
3/25/2019,"50,299","49,915","50,683","49,147",2.09M,-2.09%
3/26/2019,"50,299","50,760","51,067","50,299",1.44M,0.00%
3/27/2019,"50,299","50,606","50,606","49,685",686.72K,0.00%
3/28/2019,"51,221","50,453","51,221","50,222",947.39K,1.83%
3/29/2019,"51,682","51,451","51,835","51,298",865.19K,0.90%
4/1/2019,"52,066","52,142","52,142","51,912",872.86K,0.74%
4/2/2019,"51,835","52,219","52,603","51,835",710.69K,-0.44%
4/3/2019,"51,605","51,835","51,912","51,067",568.65K,-0.44%
4/4/2019,"51,989","51,605","52,142","51,298",1.21M,0.74%
4/5/2019,"52,296","52,066","52,373","52,066",609.33K,0.59%
4/8/2019,"53,525","52,296","53,525","52,142",1.43M,2.35%
4/9/2019,"53,601","53,525","53,755","53,294",968.71K,0.14%
4/10/2019,"52,910","53,371","53,371","52,833",917.48K,-1.29%
4/11/2019,"52,603","52,987","52,987","51,989",516.89K,-0.58%
4/12/2019,"52,219","52,680","52,680","51,912",453.49K,-0.73%
4/16/2019,"51,758","52,219","52,219","50,990",516.32K,-0.88%
4/17/2019,"52,219","52,142","52,373","51,451",659.32K,0.89%
4/18/2019,"52,142","51,835","52,757","51,835",707.95K,-0.15%
4/19/2019,"52,219","52,142","52,603","52,142",296.73K,0.15%
4/22/2019,"52,142","51,528","52,296","51,451",399.66K,-0.15%
4/23/2019,"51,835","52,219","52,219","50,760",1.61M,-0.59%
4/24/2019,"52,603","51,835","53,141","51,835",873.47K,1.48%
4/25/2019,"51,989","52,603","52,603","51,989",444.94K,-1.17%
4/26/2019,"52,142","52,066","52,449","51,835",353.78K,0.29%
5/2/2019,"51,374","51,912","52,142","50,990",801.88K,-1.47%
5/3/2019,"51,221","51,298","51,605","50,760",1.01M,-0.30%
5/6/2019,"50,914","50,837","51,298","50,606",465.18K,-0.60%
5/7/2019,"50,376","50,914","51,451","49,762",1.41M,-1.06%
5/8/2019,"49,992","49,608","50,376","49,608",1.21M,-0.76%
5/9/2019,"50,299","50,222","50,683","49,992",841.11K,0.61%
5/10/2019,"50,376","50,299","50,760","50,069",707.38K,0.15%
5/13/2019,"50,606","50,530","50,760","50,376",606.64K,0.46%
5/14/2019,"51,144","50,222","51,144","50,222",801.94K,1.06%
5/15/2019,"51,298","51,221","51,758","51,067",936.88K,0.30%
5/16/2019,"51,298","51,298","51,758","51,298",525.98K,0.00%
5/17/2019,"51,298","51,298","51,451","51,144",572.98K,0.00%
5/20/2019,"52,066","51,298","52,296","51,221",774.61K,1.50%
5/21/2019,"51,989","52,142","52,526","51,989",603.76K,-0.15%
5/22/2019,"51,605","51,835","52,680","51,451",845.61K,-0.74%
5/23/2019,"51,912","51,758","52,219","51,528",482.89K,0.59%
5/24/2019,"51,067","51,682","52,219","50,760",1.19M,-1.63%
5/27/2019,"51,758","51,451","52,066","51,067",435.52K,1.35%
5/28/2019,"51,758","51,451","52,680","51,298",847.77K,0.00%
5/29/2019,"51,835","51,912","52,296","51,605",400.04K,0.15%
5/30/2019,"51,989","51,835","52,296","51,682",409.47K,0.30%
5/31/2019,"51,605","51,835","52,219","51,298",908.63K,-0.74%
6/3/2019,"51,067","51,067","51,605","49,147",757.51K,-1.04%
6/4/2019,"51,605","50,683","51,835","50,606",494.81K,1.05%
6/5/2019,"51,221","51,605","51,835","51,221",343.40K,-0.74%
6/6/2019,"50,606","51,221","51,221","49,915",503.45K,-1.20%
6/7/2019,"50,376","51,067","51,451","50,069",626.36K,-0.45%
6/10/2019,"51,221","51,298","51,835","50,683",747.05K,1.68%
6/11/2019,"51,758","51,067","51,835","51,067",357.41K,1.05%
6/12/2019,"51,451","51,758","51,835","51,374",271.67K,-0.59%
6/13/2019,"51,682","51,451","51,835","50,990",697.92K,0.45%
6/14/2019,"53,141","51,835","53,448","51,682",3.16M,2.82%
6/17/2019,"53,141","53,141","53,985","52,987",1.30M,0.00%
6/18/2019,"53,985","52,987","54,139","52,373",1.22M,1.59%
6/19/2019,"53,601","54,062","54,293","53,294",979.09K,-0.71%
6/20/2019,"54,907","53,525","54,907","53,448",1.19M,2.44%
6/21/2019,"54,523","54,907","55,291","54,523",2.28M,-0.70%
6/24/2019,"56,059","54,907","56,673","54,523",1.80M,2.82%
6/25/2019,"55,598","55,905","55,905","55,291",498.71K,-0.82%
6/26/2019,"54,139","55,598","55,675","54,139",1.17M,-2.62%
6/27/2019,"53,371","54,523","54,523","53,294",1.51M,-1.42%
6/28/2019,"54,139","53,448","55,291","52,526",1.06M,1.44%
7/1/2019,"54,753","54,523","55,214","54,446",721.76K,1.13%
7/2/2019,"54,139","54,907","54,907","53,985",463.21K,-1.12%
7/3/2019,"53,448","54,139","54,523","53,448",1.02M,-1.28%
7/4/2019,"55,675","53,755","55,675","53,525",1.44M,4.17%
7/5/2019,"55,752","55,675","55,752","55,291",543.09K,0.14%
7/8/2019,"54,753","55,291","55,521","54,523",922.93K,-1.79%
7/9/2019,"55,214","54,907","55,214","54,216",853.07K,0.84%
7/10/2019,"55,675","55,675","55,828","55,214",815.57K,0.83%
7/11/2019,"56,827","55,752","57,287","55,752",1.64M,2.07%
7/12/2019,"56,596","56,827","57,211","56,519",1.18M,-0.41%
7/15/2019,"57,595","56,596","57,595","56,596",1.39M,1.77%
7/16/2019,"59,284","57,979","59,898","57,902",2.43M,2.93%
7/17/2019,"58,516","58,746","59,207","58,209",1.02M,-1.30%
7/18/2019,"58,670","58,286","59,284","58,055",1.10M,0.26%
7/19/2019,"60,666","58,670","61,281","58,670",1.68M,3.40%
7/22/2019,"60,666","60,666","61,050","60,436",1.19M,0.00%
7/23/2019,"60,590","60,590","60,897","60,282",798.85K,-0.13%
7/24/2019,"59,054","61,050","61,050","58,746",1.76M,-2.54%
7/25/2019,"59,668","59,054","59,745","58,900",583.59K,1.04%
7/26/2019,"60,282","59,668","61,204","59,514",1.20M,1.03%
7/29/2019,"62,202","60,282","62,202","60,129",1.26M,3.19%
7/30/2019,"61,895","62,970","63,354","61,895",1.45M,-0.49%
7/31/2019,"61,588","61,434","61,818","61,127",654.36K,-0.50%
8/1/2019,"61,818","61,588","61,818","61,204",687.57K,0.37%
8/2/2019,"60,743","61,204","61,818","60,743",867.68K,-1.74%
8/5/2019,"59,438","60,820","61,204","59,207",1.09M,-2.15%
8/6/2019,"58,593","58,670","59,054","58,209",1.50M,-1.42%
8/7/2019,"60,206","58,593","60,206","58,593",724.55K,2.75%
8/8/2019,"60,282","60,282","61,281","59,975",781.59K,0.13%
8/9/2019,"60,282","60,436","60,973","60,206",814.89K,0.00%
8/12/2019,"59,668","60,282","60,513","59,284",606.10K,-1.02%
8/13/2019,"58,593","59,284","59,514","58,286",1.03M,-1.80%
8/14/2019,"58,593","59,898","59,898","58,593",452.66K,0.00%
8/15/2019,"60,666","57,287","60,666","57,287",651.18K,3.54%
8/16/2019,"59,822","59,745","60,359","59,745",703.31K,-1.39%
8/19/2019,"58,977","59,822","60,282","58,900",883.94K,-1.41%
8/20/2019,"59,054","59,745","59,745","58,900",579.00K,0.13%
8/21/2019,"61,434","59,054","61,665","58,900",2.46M,4.03%
8/22/2019,"61,434","61,588","61,741","61,127",972.43K,0.00%
8/23/2019,"60,820","61,434","61,588","60,820",576.11K,-1.00%
8/26/2019,"59,745","60,052","60,359","59,514",857.75K,-1.77%
8/27/2019,"58,746","60,052","60,513","58,363",1.42M,-1.67%
8/28/2019,"59,130","58,977","59,361","58,977",751.32K,0.65%
8/29/2019,"58,977","59,054","59,438","58,746",538.78K,-0.26%
8/30/2019,"59,668","59,130","59,668","59,130",357.45K,1.17%
9/3/2019,"59,745","59,745","59,822","58,900",741.14K,0.13%
9/4/2019,"59,361","59,514","59,514","59,054",673.43K,-0.64%
9/5/2019,"59,591","59,284","60,513","59,284",521.76K,0.39%
9/6/2019,"59,361","59,898","59,898","59,130",367.48K,-0.39%
9/9/2019,"59,284","59,361","59,438","59,130",301.70K,-0.13%
9/10/2019,"59,668","59,284","60,820","59,207",831.89K,0.65%
9/11/2019,"60,052","59,361","60,282","59,361",180.49K,0.64%
9/12/2019,"61,050","60,282","61,050","60,282",1.02M,1.66%
9/13/2019,"62,893","61,281","62,970","61,281",1.80M,3.02%
9/16/2019,"62,202","62,893","63,508","62,049",889.77K,-1.10%
9/17/2019,"62,279","61,972","62,433","61,818",1.14M,0.12%
9/18/2019,"61,895","62,279","63,354","61,818",1.03M,-0.62%
9/19/2019,"62,586","62,202","62,740","61,818",672.75K,1.12%
9/20/2019,"62,202","62,586","63,584","62,202",3.57M,-0.61%
9/23/2019,"60,666","62,663","62,893","60,666",1.51M,-2.47%
9/24/2019,"61,895","61,050","62,049","60,590",1.01M,2.03%
9/25/2019,"61,972","61,434","62,125","60,973",930.64K,0.12%
9/26/2019,"62,202","61,972","62,433","61,665",1.33M,0.37%
9/27/2019,"63,661","62,433","63,815","62,049",1.77M,2.35%
9/30/2019,"63,047","63,661","63,968","62,893",989.88K,-0.96%
10/1/2019,"64,045","63,047","64,199","62,817",1.01M,1.58%
10/2/2019,"62,970","64,045","64,276","62,740",1.56M,-1.68%
10/3/2019,"62,970","62,817","62,970","61,895",1.28M,0.00%
10/4/2019,"63,738","62,970","64,122","62,817",1.43M,1.22%
10/7/2019,"63,584","64,506","64,890","63,584",1.45M,-0.24%
10/8/2019,"65,351","63,584","65,504","63,584",1.87M,2.78%
10/9/2019,"64,890","65,351","65,811","64,890",1.10M,-0.71%
10/10/2019,"64,967","65,197","65,427","64,890",961.68K,0.12%
10/11/2019,"65,504","64,890","65,581","64,813",931.95K,0.83%
10/14/2019,"65,274","65,658","66,042","65,274",792.14K,-0.35%
10/15/2019,"65,427","65,274","65,581","65,043",827.36K,0.23%
10/16/2019,"66,119","66,195","66,272","65,811",853.31K,1.06%
10/17/2019,"65,427","66,349","66,349","65,120",1.31M,-1.05%
10/18/2019,"65,274","65,658","65,888","65,120",532.40K,-0.23%
10/21/2019,"64,660","65,197","65,197","64,199",716.44K,-0.94%
10/22/2019,"65,581","64,660","65,888","64,660",603.66K,1.42%
10/23/2019,"65,504","65,658","65,888","64,967",686.64K,-0.12%
10/24/2019,"66,733","65,504","66,810","65,351",842.39K,1.88%
10/25/2019,"67,578","66,733","67,962","66,503",1.07M,1.27%
10/28/2019,"67,117","67,578","67,731","67,117",489.79K,-0.68%
10/29/2019,"66,349","67,117","67,194","66,272",896.54K,-1.14%
10/30/2019,"67,424","66,119","67,731","66,119",775.44K,1.62%
10/31/2019,"67,347","67,654","67,962","67,270",407.48K,-0.11%
11/1/2019,"68,192","67,347","68,653","67,194",1.37M,1.25%
11/4/2019,"70,649","68,576","71,033","68,576",1.39M,3.60%
11/5/2019,"69,728","70,726","71,033","69,651",786.82K,-1.30%
11/6/2019,"69,881","69,728","70,880","69,651",859.04K,0.22%
11/7/2019,"70,112","69,881","70,573","69,881",460.44K,0.33%
11/8/2019,"70,265","70,112","70,573","69,728",531.47K,0.22%
11/11/2019,"70,112","70,496","70,496","69,881",540.76K,-0.22%
11/12/2019,"70,419","70,189","70,726","70,112",760.27K,0.44%
11/13/2019,"69,497","70,803","70,803","69,114",901.56K,-1.31%
11/14/2019,"69,805","69,497","70,189","69,267",478.91K,0.44%
11/15/2019,"68,883","69,114","69,881","68,653",721.28K,-1.32%
11/18/2019,"67,270","68,730","69,037","67,194",893.90K,-2.34%
11/19/2019,"69,881","67,578","69,881","67,578",671.89K,3.88%
11/20/2019,"68,730","69,881","69,881","68,730",658.77K,-1.65%
11/21/2019,"67,194","68,422","68,883","67,194",1.28M,-2.23%
11/22/2019,"65,658","67,270","67,962","65,427",1.72M,-2.29%
11/25/2019,"64,890","65,658","66,042","63,431",1.84M,-1.17%
11/26/2019,"65,043","64,890","65,888","64,890",927.82K,0.24%
11/27/2019,"66,272","65,658","66,810","65,504",618.04K,1.89%
11/28/2019,"65,504","66,042","66,272","65,197",631.17K,-1.16%
11/29/2019,"65,504","65,735","65,888","65,274",405.77K,0.00%
12/2/2019,"64,122","65,504","65,811","63,738",559.91K,-2.11%
12/3/2019,"62,970","63,738","64,583","62,970",810.73K,-1.80%
12/4/2019,"65,043","62,893","65,120","62,586",480.71K,3.29%
12/5/2019,"65,120","65,274","65,811","64,967",482.95K,0.12%
12/6/2019,"65,197","65,120","65,427","64,813",327.17K,0.12%
12/9/2019,"65,427","65,197","65,811","64,813",511.34K,0.35%
12/10/2019,"65,581","65,504","65,965","65,274",653.68K,0.24%
12/11/2019,"65,965","66,042","66,042","65,427",529.64K,0.59%
12/12/2019,"67,194","66,119","67,578","66,042",593.02K,1.86%
12/13/2019,"67,885","67,654","67,962","67,194",952.92K,1.03%
12/16/2019,"66,042","67,885","67,885","65,274",849.24K,-2.71%
12/17/2019,"65,504","66,349","66,810","65,504",339.74K,-0.81%
12/18/2019,"66,579","65,581","66,579","65,504",1.08M,1.64%
12/19/2019,"67,578","66,579","67,731","66,042",1.30M,1.50%
12/20/2019,"67,808","67,578","67,962","67,424",496.82K,0.34%
12/23/2019,"69,805","68,269","69,881","68,269",1.20M,2.95%
12/24/2019,"69,114","69,728","69,728","68,269",647.70K,-0.99%
12/25/2019,"69,037","69,114","69,805","68,346",294.60K,-0.11%
12/26/2019,"68,653","69,497","69,497","68,346",515.64K,-0.56%
12/27/2019,"69,497","68,576","69,497","67,808",636.56K,1.23%
12/30/2019,"69,881","69,497","70,803","69,114",842.34K,0.55%
12/31/2019,"69,267","69,574","69,958","69,190",294.46K,-0.88%
1/2/2020,"69,728","69,267","70,189","68,883",492.91K,0.67%
1/3/2020,"69,037","70,265","70,496","69,037",684.10K,-0.99%
1/6/2020,"67,194","68,499","68,730","67,194",1.12M,-2.67%
1/7/2020,"67,424","66,810","67,501","65,581",1.29M,0.34%
1/8/2020,"66,810","66,733","67,501","66,195",921.63K,-0.91%
1/9/2020,"68,115","67,347","68,269","67,347",922.13K,1.95%
1/10/2020,"68,730","68,115","69,421","67,501",1.95M,0.90%
1/13/2020,"68,653","68,346","68,960","68,346",1.33M,-0.11%
1/14/2020,"68,653","68,730","69,114","68,422",1.28M,0.00%
1/15/2020,"68,576","68,806","68,806","68,192",1.88M,-0.11%
1/16/2020,"68,730","68,576","69,344","68,269",1.49M,0.22%
1/17/2020,"72,569","68,730","72,569","68,730",2.83M,5.59%
1/20/2020,"72,185","72,569","72,800","71,801",1.06M,-0.53%
1/21/2020,"72,185","72,108","72,646","71,878",956.48K,0.00%
1/22/2020,"71,724","72,185","72,953","71,494",1.12M,-0.64%
1/30/2020,"68,269","70,726","70,957","66,810",4.52M,-4.82%
1/31/2020,"68,115","67,578","68,960","67,347",1.62M,-0.23%
2/3/2020,"68,115","64,583","69,267","63,738",1.86M,0.00%
2/4/2020,"68,960","68,346","68,960","67,347",1.43M,1.24%
2/5/2020,"68,269","69,267","69,421","68,192",933.15K,-1.00%
2/6/2020,"68,653","68,346","69,805","68,192",1.14M,0.56%
2/7/2020,"69,114","68,960","69,728","68,346",1.49M,0.67%
2/10/2020,"68,269","68,499","68,730","67,962",774.61K,-1.22%
2/11/2020,"68,499","68,346","68,730","68,269",663.79K,0.34%
2/12/2020,"68,653","68,960","68,960","68,422",778.04K,0.22%
2/13/2020,"68,576","68,499","68,730","68,192",808.05K,-0.11%
2/14/2020,"68,576","68,346","68,960","68,346",552.25K,0.00%
2/17/2020,"68,653","68,576","69,037","68,422",438.82K,0.11%
2/18/2020,"68,653","68,806","68,806","68,346",552.35K,0.00%
2/19/2020,"68,730","68,346","68,730","68,346",336.88K,0.11%
2/20/2020,"68,730","68,883","69,421","68,499",690.47K,0.00%
2/21/2020,"68,346","68,730","68,730","68,346",1.15M,-0.56%
2/24/2020,"66,963","66,042","67,578","66,042",1.27M,-2.02%
2/25/2020,"66,195","66,042","66,810","65,888",1.57M,-1.15%
2/26/2020,"65,274","66,042","66,042","64,506",1.48M,-1.39%
2/27/2020,"64,506","64,506","64,967","63,661",1.57M,-1.18%
2/28/2020,"63,277","61,511","64,045","61,511",2.18M,-1.91%
3/2/2020,"62,817","62,586","63,124","62,433",853.62K,-0.73%
3/3/2020,"63,124","64,122","64,122","63,124",1.08M,0.49%
3/4/2020,"62,740","62,970","62,970","62,202",742.03K,-0.61%
3/5/2020,"63,815","63,124","64,199","63,124",1.06M,1.71%
3/6/2020,"64,890","63,738","65,811","62,970",1.13M,1.68%
3/9/2020,"60,359","60,666","62,125","60,359",1.54M,-6.98%
3/10/2020,"61,357","59,898","61,357","57,902",1.83M,1.65%
3/11/2020,"59,130","61,741","61,741","57,134",2.30M,-3.63%
3/12/2020,"55,060","55,291","56,059","55,060",2.02M,-6.88%
3/13/2020,"54,523","51,221","56,059","51,221",2.37M,-0.98%
3/16/2020,"51,528","54,523","54,523","51,067",1.30M,-5.49%
3/17/2020,"51,835","48,840","51,835","48,840",1.74M,0.60%
3/18/2020,"53,217","52,219","54,293","52,219",1.40M,2.67%
3/19/2020,"50,683","51,682","52,757","50,683",1.52M,-4.76%
3/20/2020,"47,228","50,683","50,914","47,228",3.53M,-6.82%
3/23/2020,"43,925","44,233","44,924","43,925",2.39M,-6.99%
3/24/2020,"44,540","43,925","44,847","43,465",1.91M,1.40%
3/25/2020,"47,612","46,076","47,612","45,845",2.34M,6.90%
3/26/2020,"48,533","47,612","49,685","47,228",1.89M,1.93%
3/27/2020,"49,224","48,610","50,606","47,995",2.00M,1.42%
3/30/2020,"46,844","46,152","47,151","45,922",2.09M,-4.84%
3/31/2020,"47,612","47,228","49,224","46,076",1.22M,1.64%
4/1/2020,"49,915","47,228","50,606","47,228",1.57M,4.84%
4/3/2020,"50,299","49,915","50,914","49,147",2.20M,0.77%
4/6/2020,"52,219","51,835","52,449","50,683",2.69M,3.82%
4/7/2020,"52,373","52,219","52,987","51,298",2.26M,0.29%
4/8/2020,"51,835","51,451","52,373","51,298",2.27M,-1.03%
4/9/2020,"54,523","52,219","55,291","52,219",2.29M,5.19%
4/10/2020,"54,216","54,523","55,214","53,448",2.04M,-0.56%
4/13/2020,"54,369","54,216","55,137","53,755",1.34M,0.28%
4/14/2020,"53,678","54,139","54,369","52,066",2.48M,-1.27%
4/15/2020,"54,446","53,525","54,753","53,525",1.30M,1.43%
4/16/2020,"54,676","53,755","54,676","53,601",1.35M,0.42%
4/17/2020,"54,830","54,907","55,137","54,446",1.88M,0.28%
4/20/2020,"55,214","55,060","55,598","54,369",1.31M,0.70%
4/21/2020,"54,907","54,523","54,907","52,066",2.76M,-0.56%
4/22/2020,"53,217","52,987","54,600","52,987",2.06M,-3.08%
4/23/2020,"53,141","54,523","54,523","52,833",1.53M,-0.14%
4/24/2020,"52,910","53,141","53,448","51,835",1.24M,-0.43%
4/27/2020,"51,298","53,678","53,678","51,298",3.25M,-3.05%
4/28/2020,"51,451","51,298","52,603","50,069",2.62M,0.30%
4/29/2020,"52,219","51,451","52,296","51,451",1.94M,1.49%
5/4/2020,"51,758","52,219","52,296","51,298",1.09M,-0.88%
5/5/2020,"51,298","51,682","51,989","51,298",1.29M,-0.89%
5/6/2020,"51,912","51,682","51,989","51,067",1.09M,1.20%
5/7/2020,"53,525","52,066","53,525","51,989",2.47M,3.11%
5/8/2020,"56,443","53,755","56,980","53,601",4.93M,5.45%
5/11/2020,"57,211","56,443","57,211","55,675",2.16M,1.36%
5/12/2020,"58,055","57,287","58,363","57,134",2.81M,1.48%
5/13/2020,"58,055","58,055","58,746","55,291",2.36M,0.00%
5/14/2020,"58,363","57,595","58,670","57,518",2.71M,0.53%
5/15/2020,"58,363","58,670","58,746","58,055",2.04M,0.00%
5/18/2020,"60,282","58,593","60,666","58,209",1.28M,3.29%
5/19/2020,"60,666","61,357","61,511","60,513",1.44M,0.64%
5/20/2020,"61,127","60,206","61,204","60,206",906.22K,0.76%
5/21/2020,"62,356","61,434","62,356","61,127",1.82M,2.01%
5/22/2020,"62,202","62,356","62,433","61,434",1.03M,-0.25%
5/25/2020,"62,279","62,125","62,433","62,049",904.31K,0.12%
5/26/2020,"63,354","62,202","63,431","62,202",945.43K,1.73%
5/27/2020,"63,661","63,738","64,813","63,661",1.04M,0.48%
5/28/2020,"64,890","63,738","65,351","63,738",2.36M,1.93%
5/29/2020,"65,427","65,274","66,042","64,890",1.48M,0.83%
6/1/2020,"66,426","65,658","66,579","65,658",925.50K,1.53%
6/2/2020,"66,503","66,733","66,733","66,272",1.29M,0.12%
6/3/2020,"67,501","66,810","67,501","66,733",590.47K,1.50%
6/4/2020,"68,346","67,578","68,346","67,578",574.51K,1.25%
6/5/2020,"68,346","68,422","68,576","66,810",1.03M,0.00%
6/8/2020,"68,653","68,346","69,267","67,885",1.02M,0.45%
6/9/2020,"68,730","69,037","69,114","68,653",532.97K,0.11%
6/10/2020,"68,806","68,730","68,960","68,576",1.01M,0.11%
6/11/2020,"67,578","68,730","68,806","66,810",1.49M,-1.78%
6/12/2020,"65,735","63,354","66,426","63,354",2.06M,-2.73%
6/15/2020,"62,970","65,735","65,888","62,817",1.55M,-4.21%
6/16/2020,"64,276","64,506","64,506","63,277",1.02M,2.07%
6/17/2020,"64,660","65,274","65,427","64,352",941.47K,0.60%
6/18/2020,"65,274","64,506","66,426","64,429",2.31M,0.95%
6/19/2020,"65,581","65,274","66,042","65,274",923.79K,0.47%
6/22/2020,"65,658","65,274","65,735","65,274",1.67M,0.12%
6/23/2020,"66,042","65,658","66,810","65,504",1.17M,0.58%
6/24/2020,"65,043","66,042","66,042","64,583",906.16K,-1.51%
6/25/2020,"64,276","63,508","64,813","63,508",646.49K,-1.18%
6/26/2020,"63,968","64,583","65,043","63,738",454.17K,-0.48%
6/29/2020,"62,586","63,968","63,968","62,279",758.12K,-2.16%
6/30/2020,"61,665","63,354","63,354","61,434",905.95K,-1.47%
7/1/2020,"63,508","61,665","63,508","61,434",516.07K,2.99%
7/2/2020,"63,431","63,892","63,892","62,202",598.50K,-0.12%
7/3/2020,"63,738","63,354","63,968","63,124",472.55K,0.48%
7/6/2020,"63,661","63,738","64,045","63,277",1.56M,-0.12%
7/7/2020,"64,045","64,506","64,660","63,968",1.71M,0.60%
7/8/2020,"63,738","63,892","64,045","63,584",619.10K,-0.48%
7/9/2020,"64,199","64,429","64,429","63,968",1.23M,0.72%
7/10/2020,"63,508","64,045","64,199","63,047",1.17M,-1.08%
7/13/2020,"63,661","64,045","64,122","63,277",474.20K,0.24%
7/14/2020,"63,738","63,661","63,738","63,124",544.99K,0.12%
7/15/2020,"64,122","63,892","64,352","63,892",1.53M,0.60%
7/16/2020,"64,122","64,352","64,429","63,661",1.39M,0.00%
7/17/2020,"63,584","64,199","64,199","63,584",801.33K,-0.84%
7/20/2020,"63,124","63,354","63,508","62,740",889.16K,-0.72%
7/21/2020,"63,354","63,354","63,584","62,740",869.90K,0.36%
7/22/2020,"63,354","63,354","63,354","63,124",797.91K,0.00%
7/23/2020,"63,354","63,354","63,584","63,047",1.72M,0.00%
7/24/2020,"62,202","63,047","63,200","60,282",1.71M,-1.82%
7/27/2020,"59,130","58,363","61,434","58,363",1.63M,-4.94%
7/28/2020,"60,282","59,130","60,513","58,746",1.16M,1.95%
7/29/2020,"59,514","58,363","59,898","57,671",1.06M,-1.27%
7/30/2020,"59,438","59,591","60,282","59,361",1.20M,-0.13%
7/31/2020,"58,670","58,363","59,438","58,363",858.67K,-1.29%
8/3/2020,"60,513","58,363","60,513","58,363",539.52K,3.14%
8/4/2020,"62,893","61,434","62,893","60,973",787.09K,3.93%
8/5/2020,"63,508","62,893","63,738","61,741",993.80K,0.98%
8/6/2020,"63,584","63,431","63,815","62,893",1.02M,0.12%
8/7/2020,"63,661","63,738","63,738","63,277",661.81K,0.12%
8/10/2020,"62,893","63,738","63,892","62,893",735.70K,-1.21%
8/11/2020,"63,047","63,354","63,431","62,817",399.29K,0.24%
8/12/2020,"63,047","63,047","63,200","62,893",396.11K,0.00%
8/13/2020,"63,738","63,661","63,738","62,970",491.67K,1.10%
8/14/2020,"62,970","63,738","63,815","62,893",1.05M,-1.20%
8/17/2020,"63,200","62,970","63,661","62,740",496.98K,0.37%
8/18/2020,"63,200","63,200","63,431","62,740",423.24K,0.00%
8/19/2020,"63,738","63,200","63,738","62,970",748.74K,0.85%
8/20/2020,"63,738","63,738","64,890","63,738",1.40M,0.00%
8/21/2020,"63,661","63,738","63,892","63,431",1.64M,-0.12%
8/24/2020,"64,429","63,738","64,967","63,738",1.95M,1.21%
8/25/2020,"64,429","64,429","65,197","64,429",2.23M,0.00%
8/26/2020,"64,122","64,429","64,429","64,045",2.02M,-0.48%
8/27/2020,"64,122","64,122","64,429","63,892",1.28M,0.00%
8/28/2020,"64,045","64,199","64,429","63,968",2.10M,-0.12%
8/31/2020,"63,738","64,506","64,890","63,584",1.24M,-0.48%
9/1/2020,"63,738","63,738","63,968","63,661",2.07M,0.00%
9/3/2020,"66,195","64,276","66,426","64,276",3.19M,3.85%
9/4/2020,"65,197","65,274","66,119","65,120",3.09M,-1.51%
9/7/2020,"64,199","65,043","65,351","64,199",1.51M,-1.53%
9/8/2020,"63,354","64,199","64,429","63,200",2.53M,-1.32%
9/9/2020,"63,124","62,970","63,892","62,586",1.88M,-0.36%
9/10/2020,"63,047","63,738","63,968","63,047",880.06K,-0.12%
9/11/2020,"63,200","63,047","63,431","62,817",849.42K,0.24%
9/14/2020,"63,738","63,584","63,815","63,508",758.81K,0.85%
9/15/2020,"63,354","63,738","64,122","63,354",1.27M,-0.60%
9/16/2020,"63,661","63,431","63,815","62,970",801.37K,0.48%
9/17/2020,"63,354","63,354","63,738","62,970",1.33M,-0.48%
9/18/2020,"63,661","63,277","63,738","63,277",1.52M,0.48%
9/21/2020,"63,738","63,815","64,199","63,738",2.13M,0.12%
9/22/2020,"64,506","63,738","64,813","63,584",2.23M,1.20%
9/23/2020,"65,581","64,660","65,658","64,660",1.78M,1.67%
9/24/2020,"66,119","64,583","66,195","64,583",2.08M,0.82%
9/25/2020,"66,042","66,119","66,195","65,658",1.41M,-0.12%
9/28/2020,"66,042","65,888","66,195","65,581",1.60M,0.00%
9/29/2020,"64,967","66,042","66,119","64,352",2.05M,-1.63%
9/30/2020,"64,583","65,274","65,274","64,352",745.76K,-0.59%
10/1/2020,"65,120","65,351","65,351","64,660",468.33K,0.83%
10/2/2020,"64,506","65,120","65,274","61,434",1.14M,-0.94%
10/5/2020,"64,122","64,890","65,274","64,045",1.04M,-0.60%
10/6/2020,"64,429","64,352","64,813","63,892",1.41M,0.48%
10/7/2020,"65,274","64,199","65,427","63,815",1.26M,1.31%
10/8/2020,"65,120","65,658","65,658","64,352",700.70K,-0.24%
10/9/2020,"65,120","64,890","65,274","64,890",467.27K,0.00%
10/12/2020,"65,965","66,042","66,810","65,120",2.01M,1.30%
10/13/2020,"66,426","66,042","66,733","65,658",1.04M,0.70%
10/14/2020,"67,731","66,656","68,346","66,579",1.54M,1.96%
10/15/2020,"68,038","67,731","68,038","66,656",1.82M,0.45%
10/16/2020,"67,731","67,962","68,038","67,194",853.45K,-0.45%
10/19/2020,"67,194","67,578","67,808","67,194",1.34M,-0.79%
10/20/2020,"67,347","66,810","67,424","66,733",1.37M,0.23%
10/21/2020,"66,195","67,424","68,038","65,965",1.85M,-1.71%
10/22/2020,"66,503","66,119","66,503","65,351",1.69M,0.47%
10/23/2020,"67,194","66,733","67,194","66,579",839.39K,1.04%
10/26/2020,"66,042","67,194","67,424","66,042",1.16M,-1.71%
10/27/2020,"66,042","66,042","67,040","65,658",1.49M,0.00%
10/28/2020,"64,660","66,042","66,426","64,122",1.11M,-2.09%
10/29/2020,"64,199","64,813","65,120","64,122",975.78K,-0.71%
10/30/2020,"63,738","64,199","64,813","63,584",1.39M,-0.72%
11/2/2020,"65,888","63,738","65,888","63,738",467.40K,3.37%
11/3/2020,"65,274","65,888","65,965","65,043",393.71K,-0.93%
11/4/2020,"65,274","65,274","65,658","64,736",503.59K,0.00%
11/5/2020,"65,274","65,658","65,658","65,120",648.16K,0.00%
11/6/2020,"65,274","65,351","65,351","64,506",412.35K,0.00%
11/9/2020,"65,658","65,274","65,888","65,120",1.28M,0.59%
11/10/2020,"65,351","66,119","67,040","65,351",1.93M,-0.47%
11/11/2020,"65,197","65,658","66,503","65,197",1.32M,-0.24%
11/12/2020,"66,349","65,811","66,426","65,735",517.23K,1.77%
11/13/2020,"66,733","66,503","66,733","66,195",533.16K,0.58%
11/16/2020,"65,888","66,963","67,424","65,274",1.60M,-1.27%
11/17/2020,"67,270","65,888","67,270","65,658",699.57K,2.10%
11/18/2020,"67,270","67,270","67,347","66,810",1.16M,0.00%
11/19/2020,"69,267","67,347","69,267","67,117",3.30M,2.97%
11/20/2020,"71,033","69,881","71,033","69,190",1.57M,2.55%
11/23/2020,"70,342","70,726","70,957","69,881",827.91K,-0.97%
11/24/2020,"70,957","70,649","70,957","69,728",1.27M,0.87%
11/25/2020,"71,801","71,033","72,339","70,880",1.39M,1.19%
11/26/2020,"72,185","71,801","72,185","71,110",891.09K,0.53%
11/27/2020,"72,569","72,185","72,569","71,571",1.54M,0.53%
11/30/2020,"71,417","71,955","72,185","70,265",1.85M,-1.59%
12/1/2020,"70,649","69,651","71,571","69,651",1.48M,-1.08%
12/2/2020,"71,801","70,649","71,801","70,265",952.80K,1.63%
12/3/2020,"71,801","71,801","72,108","70,957",940.11K,0.00%
12/4/2020,"69,958","71,571","71,801","69,958",1.10M,-2.57%
12/7/2020,"71,494","70,189","71,648","70,189",1.21M,2.20%
12/8/2020,"71,494","71,417","72,108","70,265",896.80K,0.00%
12/9/2020,"74,105","71,878","74,105","71,571",1.53M,3.65%
12/10/2020,"74,643","74,105","75,027","74,028",1.66M,0.73%
12/11/2020,"74,643","74,643","74,719","73,644",990.42K,0.00%
12/14/2020,"76,716","74,643","76,716","73,644",1.19M,2.78%
12/15/2020,"75,103","76,025","76,639","74,105",1.83M,-2.10%
12/16/2020,"76,716","75,641","76,716","75,103",945.13K,2.15%
12/17/2020,"73,721","75,718","75,718","72,953",2.94M,-3.90%
12/18/2020,"75,948","73,721","75,948","73,721",1.34M,3.02%
12/21/2020,"76,567","76,567","76,645","75,329",889.41K,0.82%
12/22/2020,"75,793","75,871","75,948","75,484",955.52K,-1.01%
12/23/2020,"75,484","75,484","76,258","75,019",850.31K,-0.41%
12/24/2020,"75,329","75,793","75,793","74,322",1.04M,-0.21%
12/25/2020,"75,561","75,096","75,561","74,864",401.89K,0.31%
12/28/2020,"75,871","75,871","76,025","75,329",1.07M,0.41%
12/29/2020,"76,800","75,871","77,264","75,716",888.75K,1.22%
12/30/2020,"75,793","76,800","77,109","75,484",650.13K,-1.31%
12/31/2020,"75,793","75,793","76,645","75,096",468.47K,0.00%
1/4/2021,"76,645","75,871","77,264","75,329",1.09M,1.12%
1/5/2021,"76,877","76,645","77,884","76,645",943.22K,0.30%
1/6/2021,"81,290","77,032","82,219","76,877",2.65M,5.74%
1/7/2021,"82,838","80,516","84,000","80,516",1.13M,1.90%
1/8/2021,"81,135","83,613","83,613","80,903",1.23M,-2.06%
1/11/2021,"80,903","80,980","81,832","80,593",1.08M,-0.29%
1/12/2021,"81,755","81,755","81,755","80,671",810.13K,1.05%
1/13/2021,"81,135","81,755","82,142","80,516",1.36M,-0.76%
1/14/2021,"80,438","81,290","81,445","79,974",1.06M,-0.86%
1/15/2021,"79,896","81,135","81,213","79,355",1.40M,-0.67%
1/18/2021,"79,974","80,129","81,290","79,742",1.35M,0.10%
1/19/2021,"76,645","79,819","79,974","74,400",1.44M,-4.16%
1/20/2021,"76,722","76,645","81,987","75,871",2.67M,0.10%
1/21/2021,"79,742","76,722","79,742","75,871",1.64M,3.94%
1/22/2021,"79,742","79,742","80,516","78,967",1.62M,0.00%
1/25/2021,"79,355","78,271","79,742","78,271",926.25K,-0.49%
1/26/2021,"78,116","79,355","79,355","76,645",1.24M,-1.56%
1/27/2021,"75,406","76,722","77,419","72,696",2.00M,-3.47%
1/28/2021,"70,142","71,226","72,232","70,142",1.54M,-6.98%
1/29/2021,"72,000","66,193","75,019","66,193",1.73M,2.65%
2/1/2021,"70,529","74,322","74,322","70,451",1.67M,-2.04%
2/2/2021,"74,709","71,226","74,864","71,226",1.36M,5.93%
2/3/2021,"76,567","75,793","76,645","74,787",1.86M,2.49%
2/4/2021,"76,567","76,567","76,645","72,696",1.23M,0.00%
2/5/2021,"77,419","76,567","77,419","75,793",1.15M,1.11%
2/8/2021,"72,851","76,645","77,264","72,077",3.70M,-5.90%
2/9/2021,"75,251","75,096","75,406","72,077",3.80M,3.29%
2/17/2021,"77,419","75,484","77,419","75,484",1.35M,2.88%
2/18/2021,"78,967","76,645","78,967","75,871",2.16M,2.00%
2/19/2021,"78,425","76,800","78,735","76,722",2.36M,-0.69%
2/22/2021,"77,884","77,806","78,967","77,651",1.77M,-0.69%
2/23/2021,"77,419","77,419","78,193","76,800",1.84M,-0.60%
2/24/2021,"75,948","77,806","78,193","74,709",1.61M,-1.90%
2/25/2021,"76,025","76,645","77,032","75,561",1.14M,0.10%
2/26/2021,"76,025","75,329","76,645","75,096",1.37M,0.00%
3/1/2021,"76,800","76,025","76,877","76,025",1.16M,1.02%
3/2/2021,"76,877","77,419","78,813","75,871",1.52M,0.10%
3/3/2021,"76,180","76,103","76,955","76,025",1.17M,-0.91%
3/4/2021,"75,329","76,335","77,032","72,077",1.43M,-1.12%
3/5/2021,"74,632","75,174","75,251","73,548",2.12M,-0.93%
3/8/2021,"73,703","75,096","75,096","73,548",1.92M,-1.24%
3/9/2021,"73,548","73,548","73,548","72,077",1.72M,-0.21%
3/10/2021,"73,935","73,548","74,167","72,774",1.36M,0.53%
3/11/2021,"74,555","74,167","74,942","74,167",1.29M,0.84%
3/12/2021,"74,167","74,555","74,709","73,161",1.61M,-0.52%
3/15/2021,"74,555","74,322","75,096","73,935",1.84M,0.52%
3/16/2021,"74,090","74,322","74,322","73,626",836.80K,-0.62%
3/17/2021,"74,013","73,935","74,167","73,548",1.58M,-0.10%
3/18/2021,"75,484","74,477","75,484","73,935",2.05M,1.99%
3/19/2021,"72,929","75,174","75,174","72,929",2.04M,-3.38%
3/22/2021,"75,096","74,322","75,484","73,858",2.43M,2.97%
3/23/2021,"74,167","75,019","75,019","73,858",1.20M,-1.24%
3/24/2021,"73,316","73,548","74,245","72,851",1.82M,-1.15%
3/25/2021,"73,626","73,316","74,322","73,161",1.48M,0.42%
3/26/2021,"73,471","73,548","73,935","72,542",1.53M,-0.21%
3/29/2021,"73,780","73,703","74,167","72,387",1.53M,0.42%
3/30/2021,"73,393","73,780","73,780","72,851",2.23M,-0.52%
3/31/2021,"73,393","73,161","73,626","72,851",1.21M,0.00%
4/1/2021,"75,019","73,703","75,638","73,703",3.44M,2.22%
4/2/2021,"75,716","75,484","76,258","75,019",2.91M,0.93%
4/5/2021,"78,967","77,419","79,587","76,335",4.58M,4.29%
4/6/2021,"78,890","78,967","79,355","77,806",2.86M,-0.10%
4/7/2021,"78,890","78,193","78,967","77,729",1.51M,0.00%
4/8/2021,"77,419","78,890","78,890","77,032",2.01M,-1.86%
4/9/2021,"75,484","77,032","77,032","75,484",2.68M,-2.50%
4/12/2021,"76,567","76,258","76,800","75,406",3.41M,1.43%
4/13/2021,"75,484","77,419","77,419","75,484",2.13M,-1.41%
4/14/2021,"76,413","75,329","76,413","75,019",1.71M,1.23%
4/15/2021,"75,484","77,264","77,264","74,942",2.75M,-1.22%
4/16/2021,"74,555","75,329","76,258","74,322",1.93M,-1.23%
4/19/2021,"76,258","75,096","76,258","74,167",1.77M,2.28%
4/20/2021,"79,742","76,722","81,290","76,258",8.01M,4.57%
4/22/2021,"79,742","79,742","81,755","79,122",3.80M,0.00%
4/23/2021,"80,516","79,742","80,516","77,806",2.92M,0.97%
4/26/2021,"76,335","80,516","80,516","75,793",4.59M,-5.19%
4/27/2021,"76,645","76,335","77,109","75,638",1.52M,0.41%
4/28/2021,"76,645","76,645","76,877","75,638",1.82M,0.00%
4/29/2021,"77,419","76,645","77,419","75,871",2.06M,1.01%
5/4/2021,"76,722","76,645","77,109","75,871",1.91M,-0.90%
5/5/2021,"78,348","76,722","78,967","76,722",2.33M,2.12%
5/6/2021,"76,877","78,348","78,735","76,645",1.48M,-1.88%
5/7/2021,"75,096","76,567","76,645","74,864",2.92M,-2.32%
5/10/2021,"75,948","74,864","76,025","74,245",2.14M,1.13%
5/11/2021,"75,793","76,025","76,877","75,484",1.49M,-0.20%
5/12/2021,"75,329","75,793","75,793","75,096",1.55M,-0.61%
5/13/2021,"74,942","75,251","75,716","74,942",2.17M,-0.51%
5/14/2021,"75,019","75,406","76,103","74,787",1.79M,0.10%
5/17/2021,"74,322","75,174","75,329","74,167",2.19M,-0.93%
5/18/2021,"73,238","73,780","74,322","73,161",2.68M,-1.46%
5/19/2021,"72,851","73,238","73,238","72,619",2.14M,-0.53%
5/20/2021,"76,645","72,851","76,645","72,851",2.43M,5.21%
5/21/2021,"74,942","74,555","75,871","74,322",1.86M,-2.22%
5/24/2021,"75,406","75,484","76,258","74,709",2.32M,0.62%
5/25/2021,"77,264","75,406","77,419","75,406",4.87M,2.46%
5/26/2021,"77,729","77,342","78,813","77,187",3.01M,0.60%
5/27/2021,"76,413","77,729","77,729","75,871",1.86M,-1.69%
5/28/2021,"77,109","76,645","78,271","75,561",2.80M,0.91%
5/31/2021,"76,335","78,193","78,193","76,103",3.34M,-1.00%
6/1/2021,"80,284","76,955","80,671","76,413",5.78M,5.17%
6/2/2021,"82,064","80,516","83,225","80,284",5.45M,2.22%
6/3/2021,"82,606","82,142","83,613","82,064",3.58M,0.66%
6/4/2021,"81,213","82,451","82,451","80,593",3.07M,-1.69%
6/7/2021,"79,742","80,748","81,213","78,348",3.79M,-1.81%
6/8/2021,"77,419","79,742","80,516","77,419",3.00M,-2.91%
6/9/2021,"78,967","77,419","78,967","76,800",3.05M,2.00%
6/10/2021,"78,813","78,967","79,664","77,419",2.89M,-0.20%
6/11/2021,"79,587","78,271","80,129","77,806",2.61M,0.98%
6/14/2021,"78,967","79,045","80,051","78,425",1.86M,-0.78%
6/15/2021,"79,587","79,045","79,742","78,193",1.81M,0.79%
6/16/2021,"80,516","79,355","82,064","79,355",3.70M,1.17%
6/17/2021,"80,671","80,516","81,290","78,967",1.99M,0.19%
6/18/2021,"84,000","80,903","84,387","80,748",4.13M,4.13%
6/21/2021,"82,529","83,613","83,767","82,064",2.69M,-1.75%
6/22/2021,"83,303","82,916","84,000","82,451",1.89M,0.94%
6/23/2021,"84,929","83,613","85,935","82,838",2.87M,1.95%
6/24/2021,"85,703","85,161","85,780","83,458",1.46M,0.91%
6/25/2021,"87,174","85,703","87,329","84,309",2.15M,1.72%
6/28/2021,"87,174","87,174","87,484","86,013",1.95M,0.00%
6/29/2021,"88,258","86,709","88,258","86,322",2.36M,1.24%
6/30/2021,"90,116","88,258","90,735","88,258",3.53M,2.11%
7/1/2021,"90,116","90,348","90,425","89,032",2.34M,0.00%
7/2/2021,"88,954","90,116","90,271","88,258",2.20M,-1.29%
7/5/2021,"87,948","88,180","88,180","85,858",2.61M,-1.13%
7/6/2021,"86,709","87,096","89,032","86,709",2.13M,-1.41%
7/7/2021,"87,793","86,709","87,793","82,064",3.42M,1.25%
7/8/2021,"85,935","86,090","87,484","84,387",1.77M,-2.12%
7/9/2021,"85,006","85,161","86,013","82,684",3.75M,-1.08%
7/12/2021,"82,916","84,774","84,774","79,819",3.17M,-2.46%
7/13/2021,"80,051","82,761","82,761","79,045",2.38M,-3.46%
7/14/2021,"78,813","80,051","80,129","77,419",2.87M,-1.55%
7/15/2021,"79,355","77,574","80,903","77,574",2.96M,0.69%
7/16/2021,"79,355","79,355","80,051","78,193",1.87M,0.00%
7/19/2021,"75,096","77,419","77,574","74,245",3.24M,-5.37%
7/20/2021,"77,574","75,716","78,193","72,387",3.04M,3.30%
7/21/2021,"76,645","77,032","77,806","76,103",1.87M,-1.20%
7/22/2021,"77,651","76,567","77,961","75,871",1.86M,1.31%
7/23/2021,"75,096","76,877","77,264","75,096",2.17M,-3.29%
7/26/2021,"74,322","74,709","75,484","74,090",1.61M,-1.03%
7/27/2021,"73,548","75,484","75,561","73,548",3.39M,-1.04%
7/28/2021,"75,096","73,626","75,096","73,626",1.90M,2.10%
7/29/2021,"75,793","75,406","75,793","75,096",1.52M,0.93%
7/30/2021,"75,871","75,329","76,490","75,251",1.73M,0.10%
8/2/2021,"75,096","75,096","76,413","74,632",1.64M,-1.02%
8/3/2021,"76,490","75,174","76,490","75,096",1.62M,1.86%
8/4/2021,"76,258","76,800","76,877","75,948",1.48M,-0.30%
8/5/2021,"76,955","75,871","77,032","75,793",1.44M,0.91%
8/6/2021,"75,948","77,264","77,264","75,948",1.42M,-1.31%
8/9/2021,"76,103","75,948","76,567","75,638",1.57M,0.20%
8/10/2021,"76,645","76,645","76,800","76,258",1.99M,0.71%
8/11/2021,"77,806","76,877","78,735","76,722",2.18M,1.51%
8/12/2021,"77,342","77,806","78,038","77,032",1.26M,-0.60%
8/13/2021,"77,109","77,342","77,342","76,103",1.70M,-0.30%
8/16/2021,"77,884","77,109","77,884","76,645",2.54M,1.01%
8/17/2021,"78,193","79,355","79,742","78,193",2.15M,0.40%
8/18/2021,"78,193","78,193","79,355","77,187",2.36M,0.00%
8/19/2021,"79,587","77,961","79,742","77,264",3.29M,1.78%
8/20/2021,"77,496","78,348","78,890","76,955",2.29M,-2.63%
8/23/2021,"75,329","76,645","77,419","74,787",2.73M,-2.80%
8/24/2021,"75,096","76,800","76,800","74,709",1.36M,-0.31%
8/25/2021,"75,484","75,096","76,645","74,942",1.36M,0.52%
8/26/2021,"74,942","75,716","76,645","74,942",1.37M,-0.72%
8/27/2021,"75,716","74,322","76,258","74,322",1.41M,1.03%
8/30/2021,"76,877","76,180","76,955","75,716",1.56M,1.53%
8/31/2021,"76,955","77,032","77,342","76,103",953.81K,0.10%
9/1/2021,"76,955","76,955","77,342","74,322",1.16M,0.00%
9/6/2021,"77,419","76,955","77,496","76,955",1.15M,0.60%
9/7/2021,"77,419","77,342","78,038","77,264",1.33M,0.00%
9/8/2021,"77,187","77,419","77,496","74,942",1.10M,-0.30%
9/9/2021,"76,877","77,187","77,496","76,335",1.04M,-0.40%
9/10/2021,"76,800","77,264","77,264","76,335",1.09M,-0.10%
9/13/2021,"75,948","76,490","76,645","75,948",1.33M,-1.11%
9/14/2021,"76,103","75,948","76,258","75,096",1.57M,0.20%
9/15/2021,"75,174","76,103","76,103","75,174",1.02M,-1.22%
9/16/2021,"75,948","76,567","76,567","75,484",727.83K,1.03%
9/17/2021,"75,251","75,484","76,180","75,251",1.28M,-0.92%
9/20/2021,"77,109","75,329","78,193","75,329",1.63M,2.47%
9/21/2021,"75,871","77,032","77,264","75,871",1.10M,-1.61%
9/22/2021,"77,032","76,180","77,032","75,871",462.93K,1.53%
9/23/2021,"77,032","77,109","77,729","76,258",862.58K,0.00%
9/24/2021,"77,032","77,032","77,264","76,877",580.20K,0.00%
9/27/2021,"75,871","77,032","77,187","75,871",593.98K,-1.51%
9/28/2021,"76,800","75,716","76,877","75,484",618.22K,1.22%
9/29/2021,"76,258","77,032","77,032","75,484",720.94K,-0.71%
9/30/2021,"75,251","76,258","76,335","75,174",1.53M,-1.32%
10/1/2021,"74,245","75,329","76,025","74,167",2.06M,-1.34%
10/4/2021,"73,238","74,322","74,709","73,084",1.17M,-1.36%
10/5/2021,"74,013","73,626","74,400","73,626",1.24M,1.06%
10/6/2021,"74,013","74,013","74,013","73,393",881.97K,0.00%
10/7/2021,"74,942","74,013","74,942","73,548",1.02M,1.26%
10/8/2021,"75,096","74,787","75,096","74,013",889.37K,0.21%
10/11/2021,"75,484","75,096","76,180","74,942",1.40M,0.52%
10/12/2021,"75,096","76,103","76,103","75,096",971.16K,-0.51%
10/13/2021,"75,096","75,793","75,871","75,096",1.82M,0.00%
10/14/2021,"74,864","75,096","75,251","74,245",2.28M,-0.31%
10/15/2021,"74,709","74,942","75,329","74,709",933.39K,-0.21%
10/18/2021,"74,322","74,555","75,096","73,548",1.59M,-0.52%
10/19/2021,"74,632","74,400","74,709","73,703",1.07M,0.42%
10/20/2021,"73,548","74,632","74,864","72,774",1.99M,-1.45%
10/21/2021,"72,774","73,858","74,322","72,774",1.56M,-1.05%
10/22/2021,"73,006","73,548","73,548","72,774",306.24K,0.32%
10/25/2021,"72,851","74,245","74,245","72,851",1.02M,-0.21%
10/26/2021,"72,774","72,851","73,238","72,464",806.43K,-0.11%
10/27/2021,"74,400","73,238","74,709","73,006",1.82M,2.23%
10/28/2021,"75,793","74,787","75,793","74,400",2.26M,1.87%
10/29/2021,"75,871","75,329","76,180","75,019",1.61M,0.10%
11/1/2021,"75,096","75,948","76,025","75,096",1.35M,-1.02%
11/2/2021,"75,793","75,406","75,871","75,329",1.03M,0.93%
11/3/2021,"76,413","75,638","76,490","75,329",2.34M,0.82%
11/4/2021,"76,180","76,413","76,490","75,251",1.26M,-0.30%
11/5/2021,"75,484","75,484","76,645","75,096",1.44M,-0.91%
11/8/2021,"76,025","75,948","76,180","75,484",1.51M,0.72%
11/9/2021,"75,174","75,871","76,335","75,096",1.76M,-1.12%
11/10/2021,"75,561","75,174","76,025","74,942",1.09M,0.51%
11/11/2021,"76,103","75,716","76,877","75,096",1.42M,0.72%
11/12/2021,"76,025","76,103","76,103","75,484",784.49K,-0.10%
11/15/2021,"75,638","76,103","76,645","75,251",978.31K,-0.51%
11/16/2021,"75,251","75,638","76,258","75,096",901.24K,-0.51%
11/17/2021,"75,871","75,251","75,948","75,251",1.01M,0.82%
11/18/2021,"75,096","76,103","76,103","75,096",905.58K,-1.02%
11/19/2021,"75,174","75,251","75,793","75,174",526.99K,0.10%
11/22/2021,"76,490","75,329","76,567","75,174",1.30M,1.75%
11/23/2021,"76,722","76,645","76,722","76,025",700.78K,0.30%
11/24/2021,"81,135","76,800","81,755","76,800",2.40M,5.75%
11/25/2021,"82,916","81,290","83,613","80,980",1.88M,2.20%
11/26/2021,"81,290","82,606","83,767","80,516",1.12M,-1.96%
11/29/2021,"78,271","79,974","81,213","78,193",1.09M,-3.71%
11/30/2021,"76,567","80,516","80,516","76,567",1.71M,-2.18%
12/1/2021,"76,645","76,955","78,580","76,103",703.71K,0.10%
12/2/2021,"76,722","77,651","78,038","76,490",1.01M,0.10%
12/3/2021,"75,871","76,800","78,038","75,484",1.02M,-1.11%
12/6/2021,"73,858","75,871","77,419","73,858",1.29M,-2.65%
12/7/2021,"76,025","74,400","76,955","74,400",1.05M,2.93%
12/8/2021,"76,413","75,871","76,955","75,871",647.57K,0.51%
12/9/2021,"76,800","75,406","76,955","75,329",1.03M,0.51%
12/10/2021,"77,419","78,193","79,587","77,342",2.40M,0.81%
12/13/2021,"77,109","78,967","78,967","76,800",1.32M,-0.40%
12/14/2021,"76,877","77,109","77,806","76,722",1.10M,-0.30%
12/15/2021,"77,342","77,032","77,961","76,645",934.42K,0.60%
12/16/2021,"76,722","78,038","78,038","75,948",1.34M,-0.80%
12/17/2021,"74,709","77,419","77,419","74,709",4.43M,-2.62%
12/20/2021,"77,032","76,258","77,032","75,948",940.28K,3.11%
12/21/2021,"76,567","76,645","77,264","76,258",987.75K,-0.60%
12/22/2021,"76,900","77,000","77,800","76,600",1.92M,0.43%
12/23/2021,"76,500","77,500","78,900","76,500",1.49M,-0.52%
12/24/2021,"78,500","76,800","78,500","76,800",849.40K,2.61%
12/27/2021,"79,800","78,900","80,300","77,900",934.10K,1.66%
12/28/2021,"80,000","80,000","81,000","78,000",1.17M,0.25%
12/29/2021,"79,500","79,500","79,800","79,100",440.00K,-0.63%
12/30/2021,"78,400","79,800","79,900","77,700",920.30K,-1.38%
12/31/2021,"78,800","79,000","79,200","78,400",422.00K,0.51%
1/4/2022,"79,000","79,000","79,400","78,000",1.13M,0.25%
1/5/2022,"78,000","79,000","80,400","78,000",1.60M,-1.27%
1/6/2022,"79,100","78,600","79,900","77,900",1.22M,1.41%
1/7/2022,"79,800","79,600","79,900","78,200",966.20K,0.88%
1/10/2022,"79,500","79,700","79,900","78,500",1.10M,-0.38%
1/11/2022,"79,400","80,000","80,000","78,500",952.70K,-0.13%
1/12/2022,"80,000","79,400","80,000","78,000",1.80M,0.76%
1/13/2022,"81,900","80,500","84,400","80,200",2.53M,2.38%
1/14/2022,"83,400","81,900","83,400","81,000",1.52M,1.83%
1/17/2022,"86,200","83,000","88,000","82,300",2.63M,3.36%
1/18/2022,"87,600","85,500","87,600","84,000",1.70M,1.62%
1/19/2022,"86,800","87,500","87,500","85,000",914.80K,-0.91%
1/20/2022,"87,100","85,200","87,500","83,100",2.79M,0.35%
1/21/2022,"89,200","86,900","90,000","86,100",2.50M,2.41%
1/24/2022,"93,000","89,400","93,500","88,200",2.73M,4.26%
1/25/2022,"95,800","92,500","96,000","89,000",2.40M,3.01%
1/26/2022,"94,500","95,800","95,800","92,600",2.52M,-1.36%
1/27/2022,"91,000","93,000","94,500","90,400",1.73M,-3.70%
1/28/2022,"89,000","91,000","92,000","89,000",2.06M,-2.20%
2/7/2022,"92,400","90,600","92,900","89,500",1.62M,3.82%
2/8/2022,"92,000","92,400","92,400","90,100",1.15M,-0.43%
2/9/2022,"90,800","91,200","91,900","90,300",1.58M,-1.30%
2/10/2022,"91,300","91,100","93,400","91,000",1.83M,0.55%
2/11/2022,"90,000","91,300","91,600","90,000",1.16M,-1.42%
2/14/2022,"86,000","88,100","88,800","86,000",3.63M,-4.44%
2/15/2022,"87,000","86,000","88,300","83,800",2.45M,1.16%
2/16/2022,"87,000","87,500","87,900","86,400",1.29M,0.00%
2/17/2022,"87,500","87,000","87,700","86,800",1.43M,0.57%
2/18/2022,"87,200","86,400","87,500","86,400",1.07M,-0.34%
2/21/2022,"87,400","86,600","87,600","86,600",1.02M,0.23%
2/22/2022,"86,800","87,000","87,000","85,000",1.54M,-0.69%
2/23/2022,"86,900","87,000","87,000","85,800",986.30K,0.12%
2/24/2022,"85,300","86,700","86,800","85,000",2.08M,-1.84%
2/25/2022,"85,100","85,300","85,900","85,000",1.62M,-0.23%
2/28/2022,"84,500","85,100","85,100","84,400",1.32M,-0.71%
3/1/2022,"85,000","84,500","85,400","84,100",1.30M,0.59%
3/2/2022,"85,000","85,600","85,600","84,200",1.66M,0.00%
3/3/2022,"85,500","85,000","85,500","84,700",1.05M,0.59%
3/4/2022,"84,900","85,200","85,500","84,800",1.06M,-0.70%
3/7/2022,"84,900","84,300","84,900","83,900",1.00M,0.00%
3/8/2022,"81,500","83,800","84,500","81,500",2.94M,-4.00%
3/9/2022,"83,000","81,800","83,100","81,700",1.33M,1.84%
3/10/2022,"83,500","83,000","83,700","82,900",1.15M,0.60%
3/11/2022,"83,800","83,700","83,900","83,000",876.10K,0.36%
3/14/2022,"84,200","83,300","84,200","83,200",1.44M,0.48%
3/15/2022,"81,100","84,000","84,100","81,000",2.39M,-3.68%
3/16/2022,"82,500","81,300","83,200","81,300",1.00M,1.73%
3/17/2022,"83,000","83,000","83,500","82,700",1.22M,0.61%
3/18/2022,"84,200","83,100","85,200","82,900",1.41M,1.45%
3/21/2022,"84,900","84,200","85,500","84,000",933.90K,0.83%
3/22/2022,"84,900","84,900","85,500","84,900",775.10K,0.00%
3/23/2022,"84,900","84,900","85,600","84,900",966.60K,0.00%
3/24/2022,"83,500","84,900","84,900","83,500",570.20K,-1.65%
3/25/2022,"82,500","84,000","84,000","82,000",1.14M,-1.20%
3/28/2022,"82,400","83,000","83,000","82,000",725.40K,-0.12%
3/29/2022,"81,900","82,400","83,000","81,600",1.02M,-0.61%
3/30/2022,"82,000","81,800","83,500","81,500",913.90K,0.12%
3/31/2022,"82,100","82,000","82,600","82,000",492.40K,0.12%
4/1/2022,"82,800","82,100","83,600","81,100",900.30K,0.85%
4/4/2022,"82,600","83,200","84,100","82,600",712.00K,-0.24%
4/5/2022,"70,279","70,110","70,449","69,941",621.32K,-14.92%
4/6/2022,"71,634","70,195","71,973","69,179",2.37M,1.93%
4/7/2022,"70,279","71,888","72,142","70,279",1.10M,-1.89%
4/8/2022,"70,279","71,041","71,041","70,195",930.86K,0.00%
4/12/2022,"69,771","70,279","70,449","69,094",993.58K,-0.72%
4/13/2022,"69,771","70,279","70,364","69,433",1.00M,0.00%
4/14/2022,"68,586","69,771","70,195","68,586",1.36M,-1.70%
4/15/2022,"67,909","68,755","69,009","67,909",1.06M,-0.99%
4/18/2022,"65,792","67,739","67,909","65,707",1.46M,-3.12%
4/19/2022,"65,792","65,876","66,469","65,707",1.19M,0.00%
4/20/2022,"66,384","66,046","66,808","65,792",1.07M,0.90%
4/21/2022,"66,384","66,384","67,062","66,215",2.57M,0.00%
4/22/2022,"69,602","66,977","69,941","66,977",3.28M,4.85%
4/25/2022,"69,263","69,602","70,279","65,199",2.93M,-0.49%
4/26/2022,"68,163","66,892","68,163","66,892",2.26M,-1.59%
4/27/2022,"69,009","67,655","69,433","66,215",1.69M,1.24%
4/28/2022,"69,009","69,009","69,094","67,316",666.20K,0.00%
4/29/2022,"68,501","68,925","69,687","67,739",1.49M,-0.74%
5/4/2022,"67,655","68,501","68,586","66,892",1.05M,-1.24%
5/5/2022,"68,586","68,163","69,009","67,401",1.20M,1.38%
5/6/2022,"67,231","67,485","68,755","67,231",916.34K,-1.98%
5/9/2022,"65,961","66,723","68,078","65,876",1.98M,-1.89%
5/10/2022,"67,739","65,284","67,739","65,284",1.09M,2.70%
5/11/2022,"67,739","67,739","67,993","66,892",1.10M,0.00%
5/12/2022,"65,199","66,892","67,655","65,199",1.15M,-3.75%
5/13/2022,"61,812","65,199","66,046","61,812",2.32M,-5.19%
5/16/2022,"62,828","63,929","64,691","62,659",1.84M,1.64%
5/17/2022,"64,352","62,828","65,199","61,897",2.67M,2.43%
5/18/2022,"63,844","65,199","65,199","63,506",1.04M,-0.79%
5/19/2022,"64,352","63,506","64,945","63,336",680.02K,0.80%
5/20/2022,"63,760","63,590","64,776","63,506",781.59K,-0.92%
5/23/2022,"62,997","64,014","64,014","62,320",745.92K,-1.20%
5/24/2022,"64,014","63,421","64,098","62,913",1.06M,1.61%
5/25/2022,"65,199","64,352","65,199","63,336",964.88K,1.85%
5/26/2022,"64,945","65,199","65,284","64,352",1.16M,-0.39%
5/27/2022,"65,538","64,945","65,538","64,606",1.05M,0.91%
5/30/2022,"66,046","65,538","68,586","64,691",1.57M,0.78%
5/31/2022,"66,808","66,808","66,808","66,046",571.25K,1.15%
6/1/2022,"68,163","66,892","68,163","66,892",943.38K,2.03%
6/2/2022,"66,892","68,417","68,417","66,892",757.49K,-1.86%
6/3/2022,"65,622","66,384","67,316","64,691",623.33K,-1.90%
6/6/2022,"67,485","65,622","67,739","63,590",1.04M,2.84%
6/7/2022,"68,586","66,892","69,433","66,130",1.10M,1.63%
6/8/2022,"67,062","68,586","68,586","66,723",1.38M,-2.22%
6/9/2022,"65,876","66,892","67,655","65,792",1.26M,-1.77%
6/10/2022,"65,792","65,876","66,892","65,538",461.65K,-0.13%
6/13/2022,"64,691","65,199","65,199","62,743",1.31M,-1.67%
6/14/2022,"65,199","63,929","66,130","62,659",1.26M,0.79%
6/15/2022,"64,776","65,538","66,300","63,760",1.47M,-0.65%
6/16/2022,"66,977","64,945","67,739","64,776",1.43M,3.40%
6/17/2022,"64,437","65,199","66,300","64,437",1.24M,-3.79%
6/20/2022,"64,352","67,316","67,316","63,760",1.29M,-0.13%
6/21/2022,"65,792","64,352","65,792","63,675",1.11M,2.24%
6/22/2022,"64,352","65,961","66,046","63,506",1.26M,-2.19%
6/23/2022,"64,268","63,590","64,945","63,421",697.03K,-0.13%
6/24/2022,"63,506","64,522","64,606","63,167",766.00K,-1.19%
6/27/2022,"63,421","63,929","64,352","63,336",1.02M,-0.13%
6/28/2022,"64,606","63,506","65,199","63,336",1.29M,1.87%
6/29/2022,"63,929","64,183","64,268","63,760",1.00M,-1.05%
6/30/2022,"63,336","63,929","64,352","63,336",801.19K,-0.93%
7/1/2022,"62,659","63,082","63,506","61,727",1.63M,-1.07%
7/4/2022,"62,743","63,421","63,675","62,574",881.26K,0.14%
7/5/2022,"62,659","63,421","63,421","62,320",1.26M,-0.13%
7/6/2022,"61,643","62,405","62,574","58,340",1.83M,-1.62%
7/7/2022,"63,929","61,558","63,929","60,711",1.49M,3.71%
7/8/2022,"62,659","63,421","63,506","62,574",898.74K,-1.99%
7/11/2022,"60,965","62,066","62,235","60,965",780.41K,-2.70%
7/12/2022,"60,881","61,050","61,473","60,711",958.38K,-0.14%
7/13/2022,"60,796","60,796","62,151","60,457",1.63M,-0.14%
7/14/2022,"61,304","60,796","61,643","60,627",389.02K,0.84%
7/15/2022,"61,219","61,050","62,235","61,050",705.65K,-0.14%
7/18/2022,"60,965","61,389","61,727","60,965",462.24K,-0.41%
7/19/2022,"60,373","60,965","61,050","60,203",959.09K,-0.97%
7/20/2022,"61,389","60,627","61,389","60,627",643.53K,1.68%
7/21/2022,"61,389","61,389","61,727","61,050",1.38M,0.00%
7/22/2022,"61,389","61,050","61,558","60,965",1.19M,0.00%
7/25/2022,"61,727","61,304","61,981","60,965",1.14M,0.55%
7/26/2022,"62,574","61,981","62,997","61,981",1.32M,1.37%
7/27/2022,"63,506","62,659","63,506","62,405",1.49M,1.49%
7/28/2022,"63,760","63,844","64,014","63,336",1.38M,0.40%
7/29/2022,"63,251","63,844","63,929","63,251",1.39M,-0.80%
8/1/2022,"65,199","63,251","65,199","62,997",1.86M,3.08%
8/2/2022,"66,808","65,199","67,062","64,352",2.10M,2.47%
8/3/2022,"67,316","66,300","67,316","66,046",1.19M,0.76%
8/4/2022,"69,856","67,316","69,856","67,231",2.67M,3.77%
8/5/2022,"69,433","69,433","69,771","68,671",1.65M,-0.61%
8/8/2022,"69,433","69,433","69,856","69,348",1.08M,0.00%
8/9/2022,"68,417","69,433","69,433","67,655",1.44M,-1.46%
8/10/2022,"68,163","67,824","68,586","67,824",599.36K,-0.37%
8/11/2022,"69,009","68,840","69,433","68,247",1.38M,1.24%
8/12/2022,"69,094","69,009","69,348","68,501",1.48M,0.12%
8/15/2022,"69,263","69,433","69,687","69,179",1.49M,0.25%
8/16/2022,"69,009","69,433","69,433","68,671",811.47K,-0.37%
8/17/2022,"69,009","68,755","69,179","68,755",902.28K,0.00%
8/18/2022,"69,009","68,840","69,433","68,755",1.85M,0.00%
8/19/2022,"68,501","68,247","69,433","68,247",1.36M,-0.74%
8/22/2022,"67,739","67,824","69,009","67,739",620.97K,-1.11%
8/23/2022,"67,909","67,739","68,840","67,655",765.29K,0.25%
8/24/2022,"69,433","68,755","70,195","67,993",1.28M,2.24%
8/25/2022,"69,433","69,602","69,602","68,840",636.32K,0.00%
8/26/2022,"69,856","69,433","70,872","69,433",1.84M,0.61%
8/29/2022,"69,856","68,925","69,856","68,501",1.12M,0.00%
8/30/2022,"72,820","69,856","72,820","69,856",2.96M,4.24%
8/31/2022,"71,126","72,820","73,243","71,126",1.25M,-2.33%
9/5/2022,"69,941","71,126","71,380","69,856",1.83M,-1.67%
9/6/2022,"70,025","69,941","71,126","69,517",1.21M,0.12%
9/7/2022,"67,739","69,433","69,856","67,570",2.71M,-3.26%
9/8/2022,"66,046","68,501","68,501","66,046",1.27M,-2.50%
9/9/2022,"66,723","66,469","67,146","66,215",1.22M,1.03%
9/12/2022,"66,977","67,401","67,485","66,723",827.65K,0.38%
9/13/2022,"66,554","67,231","67,231","66,554",1.40M,-0.63%
9/14/2022,"66,300","65,368","67,316","65,199",1.28M,-0.38%
9/15/2022,"67,062","66,469","67,146","66,130",722.65K,1.15%
9/16/2022,"67,739","67,146","67,739","66,469",1.79M,1.01%
9/19/2022,"66,723","66,892","67,909","66,046",1.11M,-1.50%
9/20/2022,"67,062","66,723","67,739","66,554",615.54K,0.51%
9/21/2022,"66,808","67,146","67,401","65,961",589.56K,-0.38%
9/22/2022,"66,046","65,792","66,554","65,622",1.40M,-1.14%
9/23/2022,"64,268","65,368","65,792","64,183",1.22M,-2.69%
9/26/2022,"63,506","63,590","65,199","62,743",1.48M,-1.19%
9/27/2022,"62,913","64,352","64,352","62,828",771.67K,-0.93%
9/28/2022,"63,506","62,659","63,506","62,489",694.07K,0.94%
9/29/2022,"62,659","64,352","64,352","62,659",694.19K,-1.33%
9/30/2022,"61,981","61,981","62,913","61,304",1.49M,-1.08%
10/3/2022,"59,780","62,235","62,489","59,526",1.06M,-3.55%
10/4/2022,"60,373","59,272","60,881","58,848",1.51M,0.99%
10/5/2022,"60,542","60,457","60,965","60,203",986.14K,0.28%
10/6/2022,"59,356","60,965","60,965","59,187",887.52K,-1.96%
10/7/2022,"56,478","58,933","58,933","55,292",2.50M,-4.85%
10/10/2022,"55,123","56,308","57,324","54,276",1.56M,-2.40%
10/11/2022,"52,498","55,292","55,885","52,498",1.37M,-4.76%
10/12/2022,"54,191","53,345","55,292","52,667",1.79M,3.23%
10/13/2022,"56,308","54,276","56,308","53,091",1.89M,3.91%
10/14/2022,"57,663","58,002","58,002","56,986",1.89M,2.41%
10/17/2022,"56,139","56,986","57,578","55,461",1.47M,-2.64%
10/18/2022,"57,324","57,578","57,578","56,986",1.05M,2.11%
10/19/2022,"57,494","57,494","57,578","56,986",740.96K,0.30%
10/20/2022,"58,594","57,494","59,272","56,816",1.79M,1.91%
10/21/2022,"57,578","58,594","59,865","57,578",1.52M,-1.73%
10/24/2022,"57,578","58,848","58,848","55,715",791.39K,0.00%
10/25/2022,"59,187","55,885","59,780","55,885",1.81M,2.79%
10/26/2022,"59,272","59,780","59,780","58,002",698.44K,0.14%
10/27/2022,"60,711","59,695","61,727","58,679",1.53M,2.43%
10/28/2022,"60,627","61,389","63,082","60,627",1.84M,-0.14%
10/31/2022,"62,235","62,235","62,235","61,389",778.75K,2.65%
11/1/2022,"63,506","62,659","63,506","62,066",975.62K,2.04%
11/2/2022,"62,320","62,659","63,082","60,965",1.48M,-1.87%
11/3/2022,"61,812","60,965","62,151","60,965",858.12K,-0.82%
11/4/2022,"60,796","60,542","61,389","58,340",1.82M,-1.64%
11/7/2022,"60,796","60,796","61,812","60,203",1.45M,0.00%
11/8/2022,"61,473","60,965","63,506","60,627",1.96M,1.11%
11/9/2022,"62,659","62,235","62,828","61,473",1.43M,1.93%
11/10/2022,"61,643","62,574","62,574","60,627",1.13M,-1.62%
11/11/2022,"63,929","61,812","63,929","61,812",1.55M,3.71%
11/14/2022,"63,590","63,929","64,776","62,743",1.81M,-0.53%
11/15/2022,"63,506","62,997","64,691","61,050",1.87M,-0.13%
11/16/2022,"63,590","59,526","66,046","59,526",2.78M,0.13%
11/17/2022,"64,776","64,437","64,860","63,929",1.94M,1.86%
11/18/2022,"64,776","64,268","65,114","62,320",1.85M,0.00%
11/21/2022,"63,506","64,776","64,776","63,506",1.31M,-1.96%
11/22/2022,"62,235","63,082","64,352","61,389",2.29M,-2.00%
11/23/2022,"62,235","61,812","62,235","61,304",937.95K,0.00%
11/24/2022,"61,812","62,235","62,659","61,389",1.28M,-0.68%
11/25/2022,"61,897","61,897","62,320","61,643",1.98M,0.14%
11/28/2022,"64,945","63,082","65,199","62,489",1.58M,4.92%
11/29/2022,"67,570","64,352","67,570","64,352",2.02M,4.04%
11/30/2022,"68,586","67,993","68,586","65,199",1.56M,1.50%
12/1/2022,"67,739","68,501","68,925","67,062",1.39M,-1.23%
12/2/2022,"71,973","67,655","71,973","67,146",1.47M,6.25%
12/5/2022,"71,973","71,211","73,666","69,856",1.97M,0.00%
12/6/2022,"67,739","71,973","72,142","67,739",1.54M,-5.88%
12/7/2022,"66,469","67,739","69,433","66,046",1.72M,-1.87%
12/8/2022,"65,199","66,892","68,586","65,199",2.49M,-1.91%
12/9/2022,"65,453","66,384","67,062","65,284",1.99M,0.39%
12/12/2022,"65,538","66,723","68,163","65,538",2.49M,0.13%
12/13/2022,"66,215","66,130","67,146","65,961",2.64M,1.03%
12/14/2022,"66,723","67,485","67,485","66,469",1.28M,0.77%
12/15/2022,"67,316","66,723","68,332","66,554",1.48M,0.89%
12/16/2022,"67,485","67,316","70,195","66,808",3.73M,0.25%
12/19/2022,"67,062","67,739","68,586","66,892",894.61K,-0.63%
12/20/2022,"66,892","67,485","69,433","66,892",1.68M,-0.25%
12/21/2022,"66,638","68,925","68,925","66,638",1.14M,-0.38%
12/22/2022,"67,146","67,316","68,671","67,146",1.27M,0.76%
12/23/2022,"66,977","67,909","68,755","66,977",1.27M,-0.25%
12/26/2022,"66,808","67,062","68,417","66,808",1.42M,-0.25%
12/27/2022,"66,977","67,909","68,163","66,808",1.25M,0.25%
12/28/2022,"67,739","68,078","69,433","67,316",1.39M,1.14%
12/29/2022,"68,332","69,687","69,856","68,163",1.46M,0.88%
12/30/2022,"67,739","70,195","70,364","67,739",1.78M,-0.87%
1/3/2023,"69,941","67,909","69,941","67,909",1.29M,3.25%
1/4/2023,"70,110","70,195","70,195","69,263",989.56K,0.24%
1/5/2023,"71,126","70,110","71,126","69,856",1.27M,1.45%
1/6/2023,"71,126","71,126","71,804","71,041",1.33M,0.00%
1/9/2023,"73,582","72,650","73,582","71,804",1.97M,3.45%
1/10/2023,"73,920","72,989","76,122","72,989",2.49M,0.46%
1/11/2023,"72,058","73,920","73,920","72,058",1.16M,-2.52%
1/12/2023,"71,804","72,142","72,142","70,957",2.22M,-0.35%
1/13/2023,"72,650","72,142","73,243","72,142",970.78K,1.18%
1/16/2023,"73,920","72,820","74,936","72,820",868.27K,1.75%
1/17/2023,"75,699","74,936","75,699","73,920",761.27K,2.41%
1/18/2023,"76,207","76,207","77,053","75,699",984.95K,0.67%
1/19/2023,"78,747","75,783","81,287","74,090",2.03M,3.33%
1/27/2023,"78,747","78,747","80,102","77,477",1.83M,0.00%
1/30/2023,"76,122","77,985","78,323","76,037",1.23M,-3.33%
1/31/2023,"77,815","76,122","77,815","74,344",1.71M,2.22%
2/1/2023,"75,445","77,900","78,323","75,445",1.34M,-3.05%
2/2/2023,"76,715","75,021","77,900","75,021",1.16M,1.68%
2/3/2023,"78,747","76,461","78,747","75,445",1.06M,2.65%
2/6/2023,"81,287","78,408","81,541","77,477",1.36M,3.23%
2/7/2023,"77,900","80,694","80,864","77,900",1.41M,-4.17%
2/8/2023,"79,763","77,985","81,456","77,985",1.04M,2.39%
2/9/2023,"78,747","79,424","80,440","78,747",896.85K,-1.27%
2/10/2023,"80,017","80,017","80,017","78,577",764.93K,1.61%
2/13/2023,"79,170","80,271","80,779","77,900",1.03M,-1.06%
2/14/2023,"78,323","79,170","79,170","77,223",1.35M,-1.07%
2/15/2023,"78,747","78,323","79,763","77,223",1.06M,0.54%
2/16/2023,"78,239","78,747","79,594","78,069",917.17K,-0.65%
2/17/2023,"78,747","78,747","79,001","77,900",1.09M,0.65%
2/20/2023,"79,424","78,747","80,017","78,747",1.29M,0.86%
2/21/2023,"79,763","79,763","80,356","79,594",797.77K,0.43%
2/22/2023,"78,747","79,763","79,848","78,323",1.21M,-1.27%
2/23/2023,"79,001","78,747","79,594","77,223",1.21M,0.32%
2/24/2023,"79,170","78,747","79,594","76,207",745.68K,0.21%
2/27/2023,"78,577","78,747","79,170","77,646",591.68K,-0.75%
2/28/2023,"79,170","78,831","79,340","78,408",668.21K,0.75%
3/1/2023,"78,747","78,154","79,086","78,069",861.78K,-0.53%
3/2/2023,"78,916","78,747","79,424","77,731",1.16M,0.22%
3/3/2023,"76,969","77,731","78,577","76,969",943.15K,-2.47%
3/6/2023,"77,053","77,053","78,069","77,053",840.75K,0.11%
3/7/2023,"77,815","77,477","78,323","77,138",1.15M,0.99%
3/8/2023,"78,069","77,053","78,069","76,799",1.03M,0.33%
3/9/2023,"78,747","77,900","79,086","77,646",1.30M,0.87%
3/10/2023,"77,985","78,069","78,323","77,477",835.91K,-0.97%
3/13/2023,"77,477","77,900","77,900","76,884",896.62K,-0.65%
3/14/2023,"77,053","77,053","77,223","76,630",1.02M,-0.55%
3/15/2023,"77,392","77,561","77,900","77,138",954.01K,0.44%
3/16/2023,"77,053","77,053","77,900","75,783",951.89K,-0.44%
3/17/2023,"75,360","77,053","77,138","75,360",2.68M,-2.20%
3/20/2023,"72,058","75,360","75,783","72,058",1.22M,-4.38%
3/21/2023,"73,243","72,312","76,122","72,312",1.25M,1.65%
3/22/2023,"75,360","73,328","76,122","73,328",1.25M,2.89%
3/23/2023,"76,799","75,191","76,799","73,920",1.00M,1.91%
3/24/2023,"75,360","77,053","77,053","75,275",744.03K,-1.87%
3/27/2023,"77,053","75,360","77,053","74,513",862.25K,2.25%
3/28/2023,"77,731","76,884","78,662","76,291",998.89K,0.88%
3/29/2023,"78,154","78,323","78,323","76,630",499.33K,0.54%
3/30/2023,"78,493","78,154","78,916","77,900",483.86K,0.43%
3/31/2023,"77,392","78,577","78,916","76,630",1.12M,-1.40%
4/3/2023,"78,577","77,646","78,662","77,223",870.04K,1.53%
4/4/2023,"77,900","78,577","78,662","77,561",318.75K,-0.86%
4/5/2023,"77,985","78,154","78,154","77,138",396.82K,0.11%
4/6/2023,"77,223","77,477","77,985","77,223",444.41K,-0.98%
4/7/2023,"76,207","77,053","77,138","75,783",882.44K,-1.32%
4/10/2023,"75,360","76,207","76,207","75,360",755.01K,-1.11%
4/11/2023,"74,682","75,360","76,207","74,682",887.64K,-0.90%
4/12/2023,"74,767","74,767","75,021","74,513",612.23K,0.11%
4/13/2023,"74,682","74,767","74,936","74,344",579.87K,-0.11%
4/14/2023,"74,852","74,767","75,445","74,682",489.88K,0.23%
4/17/2023,"74,852","74,852","74,936","74,344",577.39K,0.00%
4/18/2023,"74,513","74,767","75,021","74,090",820.91K,-0.45%
4/19/2023,"74,936","74,598","75,106","74,513",492.36K,0.57%
4/20/2023,"74,767","75,191","75,191","74,513",304.46K,-0.23%
4/21/2023,"74,090","74,513","74,598","74,005",421.03K,-0.91%
4/24/2023,"74,428","74,513","74,936","73,666",597.35K,0.46%
4/25/2023,"74,767","74,682","74,936","74,090",644.59K,0.46%
4/26/2023,"75,699","74,513","75,783","74,428",838.75K,1.25%
4/27/2023,"76,207","75,106","76,630","74,852",685.45K,0.67%
4/28/2023,"76,630","76,207","76,630","75,191",832.25K,0.56%
5/4/2023,"74,936","76,207","76,207","74,936",585.78K,-2.21%
5/5/2023,"76,037","74,936","76,122","74,682",266.55K,1.47%
5/8/2023,"78,747","76,207","78,916","76,037",1.77M,3.56%
5/9/2023,"78,154","78,747","79,509","78,154",665.38K,-0.75%
5/10/2023,"77,900","77,815","78,747","77,561",492.95K,-0.33%
5/11/2023,"77,053","77,900","77,985","77,053",597.11K,-1.09%
5/12/2023,"78,577","77,053","78,577","76,884",839.10K,1.98%
5/15/2023,"77,646","77,900","78,747","77,223",532.04K,-1.19%
5/16/2023,"78,408","77,900","78,831","77,307",786.66K,0.98%
5/17/2023,"78,577","78,323","78,747","78,154",676.36K,0.22%
5/18/2023,"80,440","78,662","81,287","78,069",1.98M,2.37%
5/19/2023,"79,763","80,017","80,356","78,408",519.52K,-0.84%
5/22/2023,"78,831","78,747","79,509","78,069",734.94K,-1.17%
5/23/2023,"78,577","78,747","79,255","77,985",671.75K,-0.32%
5/24/2023,"78,408","78,577","78,577","77,815",404.14K,-0.22%
5/25/2023,"78,916","78,408","79,594","77,392",716.40K,0.65%
5/26/2023,"77,900","78,916","79,170","77,900",335.05K,-1.29%
5/29/2023,"78,831","77,900","80,440","77,900",697.38K,1.20%
5/30/2023,"80,017","78,831","80,271","78,239",666.68K,1.50%
5/31/2023,"79,594","79,509","79,678","78,831",448.90K,-0.53%
6/1/2023,"79,509","80,102","80,102","78,916",763.28K,-0.11%
6/2/2023,"80,356","79,509","80,440","79,001",871.34K,1.06%
6/5/2023,"82,981","80,610","83,573","80,610",1.53M,3.27%
6/6/2023,"83,827","82,981","83,827","81,710",896.97K,1.02%
6/7/2023,"82,134","83,827","83,827","82,134",885.28K,-2.02%
6/8/2023,"84,674","82,134","86,113","82,134",1.58M,3.09%
6/9/2023,"85,097","84,674","86,367","83,827",968.66K,0.50%
6/12/2023,"85,521","84,589","85,944","83,065",513.85K,0.50%
6/13/2023,"86,791","84,674","87,214","84,420",990.74K,1.49%
6/14/2023,"86,876","86,706","88,061","85,944",992.63K,0.10%
6/15/2023,"87,638","86,791","87,807","86,029",1.08M,0.88%
6/16/2023,"88,908","88,230","90,093","87,384",1.57M,1.45%
6/19/2023,"86,113","87,722","88,146","86,113",1.35M,-3.14%
6/20/2023,"84,589","85,605","85,605","84,505",2.10M,-1.77%
6/21/2023,"84,674","84,420","85,097","84,420",1.40M,0.10%
6/22/2023,"85,013","86,367","86,367","84,589",846.19K,0.40%
6/23/2023,"84,589","85,013","85,013","84,251",832.84K,-0.50%
6/26/2023,"84,674","83,912","85,436","83,912",953.30K,0.10%
6/27/2023,"84,674","84,674","85,521","84,420",810.05K,0.00%
6/28/2023,"85,605","84,674","86,537","84,505",969.84K,1.10%
6/29/2023,"86,283","86,198","87,214","85,605",756.55K,0.79%
6/30/2023,"84,674","85,605","86,198","84,674",657.35K,-1.86%
7/3/2023,"84,674","84,674","85,351","84,505",578.81K,0.00%
7/4/2023,"84,674","85,267","86,283","84,589",806.27K,0.00%
7/5/2023,"86,367","85,521","86,791","84,928",1.13M,2.00%
7/6/2023,"85,267","86,452","86,537","85,097",1.21M,-1.27%
7/7/2023,"88,908","85,097","88,908","85,013",1.26M,4.27%
7/10/2023,"86,960","88,823","88,823","86,622",1.08M,-2.19%
7/11/2023,"87,214","86,198","88,908","86,198",1.05M,0.29%
7/12/2023,"88,061","86,960","88,484","86,960",877.25K,0.97%
7/13/2023,"88,823","88,908","88,908","87,807",1.10M,0.87%
7/14/2023,"88,908","88,823","88,908","88,061",942.08K,0.10%
7/17/2023,"88,738","88,908","88,908","88,230",934.88K,-0.19%
7/18/2023,"88,315","88,823","88,908","88,315",696.79K,-0.48%
7/19/2023,"90,178","88,569","90,686","88,569",1.09M,2.11%
7/20/2023,"88,908","89,331","90,093","87,722",911.26K,-1.41%
7/21/2023,"88,908","88,908","88,908","88,061",783.48K,0.00%
7/24/2023,"88,569","88,992","89,246","88,484",954.84K,-0.38%
7/25/2023,"91,700","90,400","92,500","90,300",2.37M,3.54%
7/26/2023,"93,400","91,900","93,400","91,900",1.15M,1.85%
7/27/2023,"92,700","93,700","93,700","92,500",957.20K,-0.75%
7/28/2023,"93,000","92,700","93,000","91,800",1.12M,0.32%
7/31/2023,"91,600","93,000","93,200","91,600",1.47M,-1.51%
8/1/2023,"91,200","91,600","92,800","91,200",1.28M,-0.44%
8/2/2023,"91,500","91,200","91,500","91,000",1.06M,0.33%
8/3/2023,"90,600","91,500","91,500","90,500",837.90K,-0.98%
8/4/2023,"90,100","90,700","91,100","90,100",1.23M,-0.55%
8/7/2023,"90,800","90,100","90,800","90,000",1.11M,0.78%
8/8/2023,"90,700","90,800","91,200","90,100",823.40K,-0.11%
8/9/2023,"90,200","90,700","90,900","90,100",591.60K,-0.55%
8/10/2023,"88,500","90,500","90,500","88,500",1.34M,-1.88%
8/11/2023,"90,400","88,500","90,400","88,500",920.80K,2.15%
8/14/2023,"89,000","90,300","90,300","89,000",1.47M,-1.55%
8/15/2023,"88,900","90,000","90,000","88,500",1.15M,-0.11%
8/16/2023,"89,200","88,800","89,400","88,700",727.30K,0.34%
8/17/2023,"89,400","89,200","89,800","88,600",2.15M,0.22%
8/18/2023,"89,500","89,800","90,300","89,000",2.43M,0.11%
8/21/2023,"89,800","89,700","90,200","89,200",1.71M,0.34%
8/22/2023,"88,400","89,500","89,700","87,800",1.83M,-1.56%
8/23/2023,"86,300","88,900","88,900","86,100",1.75M,-2.38%
8/24/2023,"87,000","86,300","88,200","86,000",902.80K,0.81%
8/25/2023,"86,200","86,200","87,000","86,000",1.40M,-0.92%
8/28/2023,"87,000","86,400","87,500","86,200",1.38M,0.93%
8/29/2023,"88,400","87,000","88,500","86,900",1.39M,1.61%
8/30/2023,"89,100","88,500","89,500","88,500",1.35M,0.79%
8/31/2023,"89,100","89,100","89,600","88,300",1.53M,0.00%
9/5/2023,"90,100","89,100","90,700","89,100",1.94M,1.12%
9/6/2023,"90,200","90,200","90,200","89,700",2.02M,0.11%
9/7/2023,"89,500","90,000","90,800","89,500",1.77M,-0.78%
9/8/2023,"89,500","89,500","89,500","89,100",1.34M,0.00%
9/11/2023,"88,500","89,600","90,000","88,000",1.65M,-1.12%
9/12/2023,"89,900","89,000","90,000","88,900",1.57M,1.58%
9/13/2023,"89,100","90,000","90,000","88,900",1.58M,-0.89%
9/14/2023,"89,100","89,000","89,500","88,100",1.51M,0.00%
9/15/2023,"89,800","88,900","89,800","88,600",2.14M,0.79%
9/18/2023,"88,800","89,500","89,700","88,300",718.10K,-1.11%
9/19/2023,"88,100","88,800","89,200","86,000",1.12M,-0.79%
9/20/2023,"88,000","88,100","88,400","86,400",786.00K,-0.11%
9/21/2023,"87,000","88,000","88,000","86,800",1.07M,-1.14%
9/22/2023,"89,300","86,400","89,500","86,000",2.41M,2.64%
9/25/2023,"89,300","89,000","89,500","88,300",2.21M,0.00%
9/26/2023,"87,000","89,200","89,400","86,900",1.66M,-2.58%
9/27/2023,"87,800","87,600","89,000","87,000",1.20M,0.92%
9/28/2023,"88,000","87,200","88,300","86,600",1.07M,0.23%
9/29/2023,"87,500","88,300","88,300","87,100",449.30K,-0.57%
10/2/2023,"86,500","87,100","87,200","86,500",765.70K,-1.14%
10/3/2023,"86,300","86,500","86,700","85,800",882.60K,-0.23%
10/4/2023,"86,300","86,300","86,300","85,300",923.80K,0.00%
10/5/2023,"84,500","86,000","86,000","84,500",890.00K,-2.09%
10/6/2023,"85,400","84,500","85,400","83,500",800.90K,1.07%
10/9/2023,"84,600","85,400","85,400","84,000",1.10M,-0.94%
10/10/2023,"86,100","84,600","86,200","84,600",734.10K,1.77%
10/11/2023,"86,500","86,200","86,500","85,700",719.40K,0.46%
10/12/2023,"86,000","86,900","86,900","85,500",714.10K,-0.58%
10/13/2023,"86,600","86,000","86,600","85,500",663.10K,0.70%
10/16/2023,"86,100","85,600","86,600","85,600",332.30K,-0.58%
10/17/2023,"85,900","86,100","86,500","85,500",363.40K,-0.23%
10/18/2023,"85,900","85,500","86,000","85,000",1.15M,0.00%
10/19/2023,"84,500","85,500","86,000","84,100",1.36M,-1.63%
10/20/2023,"84,800","83,500","85,300","82,700",938.40K,0.36%
10/23/2023,"84,500","84,500","84,500","82,500",966.60K,-0.35%
10/24/2023,"86,000","84,500","86,500","83,900",994.00K,1.78%
10/25/2023,"85,800","85,100","85,800","84,600",660.10K,-0.23%
10/26/2023,"84,500","85,000","86,000","83,500",1.42M,-1.52%
10/27/2023,"85,000","84,600","85,000","83,800",773.40K,0.59%
10/30/2023,"85,900","83,500","86,000","83,500",592.90K,1.06%
10/31/2023,"86,800","85,900","86,900","84,900",1.35M,1.05%
11/1/2023,"87,800","86,800","87,800","86,100",1.48M,1.15%
11/2/2023,"89,000","88,000","89,000","86,600",1.06M,1.37%
11/3/2023,"88,900","89,000","89,400","88,100",1.09M,-0.11%
11/6/2023,"89,500","88,900","89,800","88,500",774.80K,0.67%
11/7/2023,"88,300","89,000","89,300","88,300",413.90K,-1.34%
11/8/2023,"89,500","88,000","89,700","87,900",1.27M,1.36%
11/9/2023,"87,900","89,500","89,500","87,900",1.17M,-1.79%
11/10/2023,"86,000","87,100","87,500","86,000",1.35M,-2.16%
11/13/2023,"85,500","86,000","86,100","85,400",937.70K,-0.58%
11/14/2023,"86,000","86,000","86,500","85,400",987.50K,0.58%
11/15/2023,"87,700","86,500","87,700","86,500",4.07M,1.98%
11/16/2023,"88,000","87,000","88,000","86,700",1.28M,0.34%
11/17/2023,"85,600","87,800","87,900","85,500",1.59M,-2.73%
11/20/2023,"86,100","85,600","87,000","85,000",1.10M,0.58%
11/21/2023,"86,600","86,100","86,700","85,800",1.15M,0.58%
11/22/2023,"86,700","86,300","86,700","85,500",1.01M,0.12%
11/23/2023,"85,500","86,700","86,800","85,500",647.20K,-1.38%
11/24/2023,"86,000","85,500","86,000","85,000",734.50K,0.58%
11/27/2023,"85,800","86,000","86,000","85,100",443.00K,-0.23%
11/28/2023,"85,800","85,500","85,900","84,800",779.40K,0.00%
11/29/2023,"85,100","85,400","85,900","85,100",733.10K,-0.82%
11/30/2023,"84,700","85,100","85,400","84,700",927.60K,-0.47%
12/1/2023,"85,000","84,900","85,000","84,100",714.70K,0.35%
12/4/2023,"86,000","85,400","86,200","84,800",888.10K,1.18%
12/5/2023,"85,400","86,000","86,100","84,800",992.80K,-0.70%
12/6/2023,"85,900","85,300","86,000","85,000",638.00K,0.59%
12/7/2023,"85,200","85,700","86,000","85,000",992.30K,-0.81%
12/8/2023,"85,000","85,200","85,500","85,000",1.18M,-0.23%
12/11/2023,"84,200","85,000","85,300","84,100",1.40M,-0.94%
12/12/2023,"84,200","84,700","84,700","84,000",1.01M,0.00%
12/13/2023,"83,700","84,200","84,500","83,700",1.15M,-0.59%
12/14/2023,"84,400","84,000","84,500","84,000",840.60K,0.84%
12/15/2023,"82,200","84,000","84,400","82,200",2.53M,-2.61%
12/18/2023,"81,500","82,800","82,900","81,500",1.80M,-0.85%
12/19/2023,"81,200","81,500","81,500","80,100",1.96M,-0.37%
12/20/2023,"81,100","81,200","81,300","80,500",1.87M,-0.12%
12/21/2023,"80,900","81,000","81,000","80,300",2.03M,-0.25%
12/22/2023,"80,900","80,900","81,100","80,400",1.58M,0.00%
12/25/2023,"81,800","80,900","81,800","80,700",1.30M,1.11%
12/26/2023,"82,800","82,000","82,800","82,000",971.20K,1.22%
12/27/2023,"82,700","82,900","83,200","82,500",899.60K,-0.12%
12/28/2023,"82,800","82,700","83,100","82,400",703.20K,0.12%
12/29/2023,"80,300","83,500","83,900","80,300",1.62M,-3.02%
1/2/2024,"83,500","82,900","83,600","82,200",1.79M,3.99%
1/3/2024,"84,500","83,500","84,500","82,800",1.37M,1.20%
1/4/2024,"85,900","84,500","86,200","84,000",2.66M,1.66%
1/5/2024,"86,200","85,900","86,200","85,700",1.18M,0.35%
1/8/2024,"86,800","86,300","86,800","86,300",1.61M,0.70%
1/9/2024,"87,800","86,800","87,900","86,800",1.93M,1.15%
1/10/2024,"89,500","87,800","89,500","87,200",1.80M,1.94%
1/11/2024,"89,300","89,500","90,000","88,600",1.49M,-0.22%
1/12/2024,"88,700","88,100","89,500","87,400",1.91M,-0.67%
1/15/2024,"90,000","89,000","90,100","88,900",1.91M,1.47%
1/16/2024,"90,000","89,000","90,100","88,900",1.37M,0.00%
1/17/2024,"90,900","89,000","91,000","89,000",1.58M,1.00%
1/18/2024,"91,100","90,900","91,200","90,000",1.42M,0.22%
1/19/2024,"92,600","91,000","93,000","90,400",1.47M,1.65%
1/22/2024,"92,000","93,500","93,500","92,000",1.05M,-0.65%
1/23/2024,"91,500","92,100","92,400","90,400",1.26M,-0.54%
1/24/2024,"91,100","91,600","92,000","90,900",744.70K,-0.44%
1/25/2024,"91,000","91,100","91,600","90,700",503.30K,-0.11%
1/26/2024,"92,000","91,600","92,000","91,400",953.10K,1.10%
1/29/2024,"91,200","91,800","92,000","90,900",730.50K,-0.87%
1/30/2024,"91,000","91,200","91,200","90,100",888.60K,-0.22%
1/31/2024,"88,500","90,600","90,600","88,500",945.60K,-2.75%
2/1/2024,"89,800","88,000","90,200","88,000",598.10K,1.47%
2/2/2024,"90,300","89,100","90,500","89,100",733.00K,0.56%
2/5/2024,"90,000","90,200","90,600","89,400",1.95M,-0.33%
2/6/2024,"89,500","90,300","90,600","89,100",1.35M,-0.56%
2/7/2024,"90,000","90,000","90,800","89,300",1.37M,0.56%
2/15/2024,"89,900","90,000","90,700","89,100",1.05M,-0.11%
2/16/2024,"89,600","89,900","90,200","89,500",734.10K,-0.33%
2/19/2024,"90,200","89,900","90,500","89,300",1.05M,0.67%
2/20/2024,"91,300","90,100","91,400","89,400",1.40M,1.22%
2/21/2024,"91,200","91,700","91,700","90,500",1.37M,-0.11%
2/22/2024,"89,500","90,600","91,000","89,500",1.22M,-1.86%
2/23/2024,"88,900","89,500","91,400","88,900",1.80M,-0.67%
2/26/2024,"89,500","88,900","90,000","88,900",722.00K,0.67%
2/27/2024,"91,100","89,600","91,200","89,100",1.60M,1.79%
2/28/2024,"97,400","91,000","97,400","90,400",4.22M,6.92%
2/29/2024,"97,300","98,500","100,500","97,300",1.90M,-0.10%
3/1/2024,"97,300","98,200","98,200","94,900",2.38M,0.00%
3/4/2024,"96,000","98,000","98,000","95,600",1.64M,-1.34%
3/5/2024,"95,500","96,600","96,600","95,200",1.36M,-0.52%
3/6/2024,"95,600","95,500","96,800","95,100",2.07M,0.10%
3/7/2024,"95,800","95,900","97,400","95,500",2.36M,0.21%
3/8/2024,"95,100","95,900","96,500","95,100",2.23M,-0.73%
3/11/2024,"94,100","95,100","96,000","94,100",1.84M,-1.05%
3/12/2024,"94,400","94,100","94,900","94,000",1.11M,0.32%
3/13/2024,"96,000","94,900","96,500","94,300",3.12M,1.69%
3/14/2024,"95,000","96,000","96,100","94,600",2.32M,-1.04%
3/15/2024,"94,000","95,000","95,000","93,900",2.30M,-1.05%
3/18/2024,"93,000","94,300","94,500","92,500",1.84M,-1.06%
3/19/2024,"92,500","92,500","93,500","92,500",868.50K,-0.54%
3/20/2024,"93,200","92,500","94,100","92,500",897.70K,0.76%
3/21/2024,"95,200","94,000","95,500","94,000",1.45M,2.15%
3/22/2024,"96,400","95,200","96,800","95,200",1.84M,1.26%
3/25/2024,"95,700","95,000","96,900","94,100",1.37M,-0.73%
3/26/2024,"96,300","96,000","96,600","95,800",735.40K,0.63%
3/27/2024,"95,800","96,200","96,200","95,600",1.05M,-0.52%
3/28/2024,"95,700","96,200","96,400","95,600",1.23M,-0.10%
3/29/2024,"94,900","95,900","95,900","94,900",801.20K,-0.84%
4/1/2024,"95,200","94,900","96,000","94,700",1.22M,0.32%
4/2/2024,"94,500","95,100","95,200","93,900",969.00K,-0.74%
4/3/2024,"93,800","94,400","94,800","93,800",1.32M,-0.74%
4/4/2024,"96,000","94,900","96,000","94,400",2.02M,2.35%
4/5/2024,"94,900","94,800","95,600","94,200",779.20K,-1.15%
4/8/2024,"94,900","94,900","95,300","94,200",864.10K,0.00%
4/9/2024,"94,300","95,000","95,400","94,200",686.80K,-0.63%
4/10/2024,"94,500","94,300","94,600","94,100",737.40K,0.21%
4/11/2024,"94,000","94,000","94,600","93,500",778.00K,-0.53%
4/12/2024,"94,600","94,500","95,500","93,800",844.80K,0.64%
4/15/2024,"92,000","94,600","96,500","92,000",1.90M,-2.75%
4/16/2024,"91,000","93,800","93,800","90,500",1.86M,-1.09%
4/17/2024,"90,500","91,200","92,100","89,500",1.45M,-0.55%
4/19/2024,"90,500","90,000","90,900","89,700",1.32M,0.00%
4/22/2024,"90,600","90,500","91,400","90,200",999.10K,0.11%
4/23/2024,"90,100","90,600","91,200","89,200",1.56M,-0.55%
4/24/2024,"90,600","91,000","91,100","90,100",1.93M,0.55%
4/25/2024,"91,000","90,600","92,900","90,500",1.24M,0.44%
4/26/2024,"91,200","91,700","93,300","91,200",1.70M,0.22%
5/2/2024,"91,900","92,100","92,500","91,100",932.40K,0.77%
5/3/2024,"92,500","92,400","93,400","91,800",1.47M,0.65%
5/6/2024,"93,000","92,900","93,300","92,700",1.15M,0.54%
5/7/2024,"92,900","93,400","94,100","92,900",1.15M,-0.11%
5/8/2024,"93,000","92,700","93,200","92,100",1.25M,0.11%
5/9/2024,"92,500","92,900","93,400","92,300",606.60K,-0.54%
5/10/2024,"92,000","92,700","92,700","91,700",823.40K,-0.54%
5/13/2024,"91,000","92,100","92,400","90,500",1.23M,-1.09%
5/14/2024,"90,600","91,100","91,600","90,500",818.40K,-0.44%
5/15/2024,"91,000","91,000","91,300","90,800",883.10K,0.44%
5/16/2024,"92,600","92,000","92,700","91,500",1.71M,1.76%
5/17/2024,"91,800","92,600","92,600","91,700",1.08M,-0.86%
5/20/2024,"91,900","92,300","93,000","91,800",1.04M,0.11%
5/21/2024,"91,100","91,900","92,000","90,700",1.49M,-0.87%
5/22/2024,"90,700","91,500","91,700","90,700",1.35M,-0.44%
5/23/2024,"91,000","90,700","91,500","90,500",1.32M,0.33%
5/24/2024,"90,200","91,000","91,000","90,000",2.24M,-0.88%
5/27/2024,"90,200","90,400","90,600","89,700",1.06M,0.00%
5/28/2024,"90,700","89,800","90,700","89,800",1.35M,0.55%
5/29/2024,"89,800","90,800","91,000","89,800",1.19M,-0.99%
5/30/2024,"88,600","89,500","89,700","88,500",2.36M,-1.34%
5/31/2024,"87,200","88,700","89,000","87,200",3.92M,-1.58%
